year,region_name,type_name,region_rolled_up,type_rolled_up,transaction_count,nominal_median_price,nominal_mean_price,real_median_price,cpih_index
1995,East Midlands,Detached,0,0,22405,70000,79970,145045,66.6
1995,East Midlands,Flat / Maisonette,0,0,1868,31000,34210,64234,66.6
1995,East Midlands,Semi-detached,0,0,23629,43000,45198,89099,66.6
1995,East Midlands,Terraced,0,0,16523,33500,35171,69414,66.6
1995,East of England,Detached,0,0,28225,87000,103977,180270,66.6
1995,East of England,Flat / Maisonette,0,0,11309,39000,42422,80811,66.6
1995,East of England,Semi-detached,0,0,27529,56000,61907,116036,66.6
1995,East of England,Terraced,0,0,25873,47400,51490,98216,66.6
1995,London,Detached,0,0,5574,156000,202794,323243,66.6
1995,London,Flat / Maisonette,0,0,46418,59995,80203,124314,66.6
1995,London,Semi-detached,0,0,20163,88000,108906,182342,66.6
1995,London,Terraced,0,0,36194,72000,98820,149189,66.6
1995,North East,Detached,0,0,5958,76950,86518,159446,66.6
1995,North East,Flat / Maisonette,0,0,3385,30000,33754,62162,66.6
1995,North East,Semi-detached,0,0,10998,47000,48689,97387,66.6
1995,North East,Terraced,0,0,12123,33000,36358,68378,66.6
1995,North West,Detached,0,0,18461,82500,94431,170946,66.6
1995,North West,Flat / Maisonette,0,0,5359,38950,43567,80707,66.6
1995,North West,Semi-detached,0,0,34463,49000,51488,101532,66.6
1995,North West,Terraced,0,0,34977,32950,34494,68275,66.6
1995,South East,Detached,0,0,41115,115000,134667,238288,66.6
1995,South East,Flat / Maisonette,0,0,22563,43000,47671,89099,66.6
1995,South East,Semi-detached,0,0,40576,66950,72182,138725,66.6
1995,South East,Terraced,0,0,38071,54000,57774,111892,66.6
1995,South West,Detached,0,0,26014,84995,97245,176116,66.6
1995,South West,Flat / Maisonette,0,0,9891,38999,46407,80809,66.6
1995,South West,Semi-detached,0,0,21872,54500,58138,112928,66.6
1995,South West,Terraced,0,0,25284,45000,48288,93243,66.6
1995,Wales,Detached,0,0,9253,69000,75057,142973,66.6
1995,Wales,Flat / Maisonette,0,0,1427,36500,39993,75631,66.6
1995,Wales,Semi-detached,0,0,10934,45000,47409,93243,66.6
1995,Wales,Terraced,0,0,11891,35000,36336,72523,66.6
1995,West Midlands,Detached,0,0,18679,84500,96947,175090,66.6
1995,West Midlands,Flat / Maisonette,0,0,4894,36972,39763,76610,66.6
1995,West Midlands,Semi-detached,0,0,26428,49000,51563,101532,66.6
1995,West Midlands,Terraced,0,0,21473,38950,40653,80707,66.6
1995,Yorkshire and The Humber,Detached,0,0,16085,78500,87941,162658,66.6
1995,Yorkshire and The Humber,Flat / Maisonette,0,0,3066,38500,42570,79775,66.6
1995,Yorkshire and The Humber,Semi-detached,0,0,25620,47950,49708,99356,66.6
1995,Yorkshire and The Humber,Terraced,0,0,26189,34500,36622,71486,66.6
1995,East Midlands,All types,0,1,64425,46000,54400,95315,66.6
1995,East of England,All types,0,1,92936,57500,69413,119144,66.6
1995,London,All types,0,1,108349,73000,98070,151261,66.6
1995,North East,All types,0,1,32464,42950,49469,88995,66.6
1995,North West,All types,0,1,93260,45200,53160,93658,66.6
1995,South East,All types,0,1,142325,65000,82493,134685,66.6
1995,South West,All types,0,1,83061,55000,65991,113964,66.6
1995,Wales,All types,0,1,33505,44500,50799,92207,66.6
1995,West Midlands,All types,0,1,71474,49500,59338,102568,66.6
1995,Yorkshire and The Humber,All types,0,1,70960,45600,53236,94486,66.6
1995,All regions,Detached,1,0,191959,86500,104837,179234,66.6
1995,All regions,Flat / Maisonette,1,0,110346,46000,59307,95315,66.6
1995,All regions,Semi-detached,1,0,242284,53000,60419,109820,66.6
1995,All regions,Terraced,1,0,248697,43000,51576,89099,66.6
1995,All regions,All types,1,1,793286,55000,68240,113964,66.6
1996,East Midlands,Detached,0,0,28315,72500,82240,146058,68.5
1996,East Midlands,Flat / Maisonette,0,0,2128,31500,35368,63460,68.5
1996,East Midlands,Semi-detached,0,0,27200,43950,45759,88542,68.5
1996,East Midlands,Terraced,0,0,18893,33750,35545,67993,68.5
1996,East of England,Detached,0,0,36005,89000,106715,179299,68.5
1996,East of England,Flat / Maisonette,0,0,13169,38000,42360,76555,68.5
1996,East of England,Semi-detached,0,0,32912,57000,63613,114832,68.5
1996,East of England,Terraced,0,0,32431,48000,52595,96701,68.5
1996,London,Detached,0,0,7376,165000,217827,332409,68.5
1996,London,Flat / Maisonette,0,0,57841,64500,88802,129942,68.5
1996,London,Semi-detached,0,0,25013,92000,113836,185343,68.5
1996,London,Terraced,0,0,44733,75000,104592,151095,68.5
1996,North East,Detached,0,0,7439,78500,87999,158146,68.5
1996,North East,Flat / Maisonette,0,0,3738,31000,35372,62453,68.5
1996,North East,Semi-detached,0,0,12967,48000,49602,96701,68.5
1996,North East,Terraced,0,0,13302,33000,37365,66482,68.5
1996,North West,Detached,0,0,21915,84500,97170,170234,68.5
1996,North West,Flat / Maisonette,0,0,6372,39500,45958,79577,68.5
1996,North West,Semi-detached,0,0,40228,49950,52346,100629,68.5
1996,North West,Terraced,0,0,37873,32995,34865,66472,68.5
1996,South East,Detached,0,0,53293,118700,139706,239133,68.5
1996,South East,Flat / Maisonette,0,0,26847,43500,48840,87635,68.5
1996,South East,Semi-detached,0,0,49631,69000,74709,139007,68.5
1996,South East,Terraced,0,0,47595,55500,59909,111810,68.5
1996,South West,Detached,0,0,35330,87000,99941,175270,68.5
1996,South West,Flat / Maisonette,0,0,12231,40000,48059,80584,68.5
1996,South West,Semi-detached,0,0,27048,55500,59672,111810,68.5
1996,South West,Terraced,0,0,32141,45000,48970,90657,68.5
1996,Wales,Detached,0,0,11990,70500,76813,142029,68.5
1996,Wales,Flat / Maisonette,0,0,1603,38950,41272,78469,68.5
1996,Wales,Semi-detached,0,0,13332,45500,47582,91664,68.5
1996,Wales,Terraced,0,0,14117,35950,37221,72425,68.5
1996,West Midlands,Detached,0,0,23513,86000,98457,173255,68.5
1996,West Midlands,Flat / Maisonette,0,0,5681,37000,41283,74540,68.5
1996,West Midlands,Semi-detached,0,0,31098,50000,52937,100730,68.5
1996,West Midlands,Terraced,0,0,24523,39000,41198,78569,68.5
1996,Yorkshire and The Humber,Detached,0,0,19260,80000,90867,161168,68.5
1996,Yorkshire and The Humber,Flat / Maisonette,0,0,3425,39000,43653,78569,68.5
1996,Yorkshire and The Humber,Semi-detached,0,0,29488,48000,50221,96701,68.5
1996,Yorkshire and The Humber,Terraced,0,0,28241,34500,36822,69504,68.5
1996,East Midlands,All types,0,1,76536,47500,56445,95693,68.5
1996,East of England,All types,0,1,114517,58995,71600,118851,68.5
1996,London,All types,0,1,134963,77000,105727,155124,68.5
1996,North East,All types,0,1,37446,45000,51463,90657,68.5
1996,North West,All types,0,1,106388,46950,54974,94585,68.5
1996,South East,All types,0,1,177366,68500,86351,138000,68.5
1996,South West,All types,0,1,106750,57500,68447,115839,68.5
1996,Wales,All types,0,1,41042,45500,52312,91664,68.5
1996,West Midlands,All types,0,1,84815,51000,61382,102745,68.5
1996,Yorkshire and The Humber,All types,0,1,80414,47000,54971,94686,68.5
1996,All regions,Detached,1,0,244629,89500,108515,180307,68.5
1996,All regions,Flat / Maisonette,1,0,133233,48000,64263,96701,68.5
1996,All regions,Semi-detached,1,0,289016,54500,62391,109796,68.5
1996,All regions,Terraced,1,0,293945,44500,54024,89650,68.5
1996,All regions,All types,1,1,960823,57000,71834,114832,68.5
1997,East Midlands,Detached,0,0,32519,77000,87418,151800,70.0
1997,East Midlands,Flat / Maisonette,0,0,2523,33500,38851,66043,70.0
1997,East Midlands,Semi-detached,0,0,29869,46000,48500,90686,70.0
1997,East Midlands,Terraced,0,0,21344,35500,38168,69986,70.0
1997,East of England,Detached,0,0,40778,97000,117223,191229,70.0
1997,East of England,Flat / Maisonette,0,0,16054,42000,47540,82800,70.0
1997,East of England,Semi-detached,0,0,36712,61500,69631,121243,70.0
1997,East of England,Terraced,0,0,37561,52000,58151,102514,70.0
1997,London,Detached,0,0,7639,187500,247569,369643,70.0
1997,London,Flat / Maisonette,0,0,74245,72000,101347,141943,70.0
1997,London,Semi-detached,0,0,26320,106000,133220,208971,70.0
1997,London,Terraced,0,0,49144,85000,121408,167571,70.0
1997,North East,Detached,0,0,8171,82000,92433,161657,70.0
1997,North East,Flat / Maisonette,0,0,4244,33500,38866,66043,70.0
1997,North East,Semi-detached,0,0,14266,49950,51851,98473,70.0
1997,North East,Terraced,0,0,14152,35000,39664,69000,70.0
1997,North West,Detached,0,0,25773,89000,103926,175457,70.0
1997,North West,Flat / Maisonette,0,0,7055,41000,47994,80829,70.0
1997,North West,Semi-detached,0,0,44360,52000,55337,102514,70.0
1997,North West,Terraced,0,0,41820,34000,36620,67029,70.0
1997,South East,Detached,0,0,57030,131000,157021,258257,70.0
1997,South East,Flat / Maisonette,0,0,35297,48000,53630,94629,70.0
1997,South East,Semi-detached,0,0,54479,76500,83555,150814,70.0
1997,South East,Terraced,0,0,55479,60000,66967,118286,70.0
1997,South West,Detached,0,0,39890,95000,110887,187286,70.0
1997,South West,Flat / Maisonette,0,0,15029,43000,52040,84771,70.0
1997,South West,Semi-detached,0,0,30407,59775,64557,117842,70.0
1997,South West,Terraced,0,0,38015,48000,53463,94629,70.0
1997,Wales,Detached,0,0,13944,75000,81513,147857,70.0
1997,Wales,Flat / Maisonette,0,0,2088,39500,44012,77871,70.0
1997,Wales,Semi-detached,0,0,14722,47500,50623,93643,70.0
1997,Wales,Terraced,0,0,16463,37000,39448,72943,70.0
1997,West Midlands,Detached,0,0,26072,92000,106880,181371,70.0
1997,West Midlands,Flat / Maisonette,0,0,6724,38500,43197,75900,70.0
1997,West Midlands,Semi-detached,0,0,33827,53000,56520,104486,70.0
1997,West Midlands,Terraced,0,0,27221,41000,44031,80829,70.0
1997,Yorkshire and The Humber,Detached,0,0,22117,83000,94811,163629,70.0
1997,Yorkshire and The Humber,Flat / Maisonette,0,0,4032,40000,45930,78857,70.0
1997,Yorkshire and The Humber,Semi-detached,0,0,32245,49500,52268,97586,70.0
1997,Yorkshire and The Humber,Terraced,0,0,30374,35950,38544,70873,70.0
1997,East Midlands,All types,0,1,86255,50000,60333,98571,70.0
1997,East of England,All types,0,1,131105,63750,78440,125679,70.0
1997,London,All types,0,1,157348,86000,120043,169543,70.0
1997,North East,All types,0,1,40833,47000,54398,92657,70.0
1997,North West,All types,0,1,119008,49500,58847,97586,70.0
1997,South East,All types,0,1,202285,74950,94496,147759,70.0
1997,South West,All types,0,1,123341,60000,74596,118286,70.0
1997,Wales,All types,0,1,47217,48000,55557,94629,70.0
1997,West Midlands,All types,0,1,93844,54500,65934,107443,70.0
1997,Yorkshire and The Humber,All types,0,1,88768,49000,57884,96600,70.0
1997,All regions,Detached,1,0,274157,95000,118097,187286,70.0
1997,All regions,Flat / Maisonette,1,0,167543,53000,72573,104486,70.0
1997,All regions,Semi-detached,1,0,317309,58000,67979,114343,70.0
1997,All regions,Terraced,1,0,331699,47950,59809,94530,70.0
1997,All regions,All types,1,1,1090708,60000,78797,118286,70.0
1998,East Midlands,Detached,0,0,31510,81950,94411,158613,71.3
1998,East Midlands,Flat / Maisonette,0,0,2595,35000,42248,67742,71.3
1998,East Midlands,Semi-detached,0,0,29290,48000,51371,92903,71.3
1998,East Midlands,Terraced,0,0,21426,37000,40565,71613,71.3
1998,East of England,Detached,0,0,37516,110000,131055,212903,71.3
1998,East of England,Flat / Maisonette,0,0,16070,45500,50478,88065,71.3
1998,East of England,Semi-detached,0,0,34930,67250,76813,130161,71.3
1998,East of England,Terraced,0,0,36117,57000,64677,110323,71.3
1998,London,Detached,0,0,6354,218000,302783,421935,71.3
1998,London,Flat / Maisonette,0,0,73114,81000,115025,156774,71.3
1998,London,Semi-detached,0,0,23052,123500,151470,239032,71.3
1998,London,Terraced,0,0,46049,96000,136154,185806,71.3
1998,North East,Detached,0,0,8570,83995,94737,162571,71.3
1998,North East,Flat / Maisonette,0,0,4454,35000,41319,67742,71.3
1998,North East,Semi-detached,0,0,14082,50000,53448,96774,71.3
1998,North East,Terraced,0,0,14585,35000,40527,67742,71.3
1998,North West,Detached,0,0,25934,92000,108159,178065,71.3
1998,North West,Flat / Maisonette,0,0,7296,44000,51671,85161,71.3
1998,North West,Semi-detached,0,0,43916,53500,57020,103548,71.3
1998,North West,Terraced,0,0,41726,34500,37730,66774,71.3
1998,South East,Detached,0,0,51067,149000,179495,288387,71.3
1998,South East,Flat / Maisonette,0,0,34806,53000,60542,102581,71.3
1998,South East,Semi-detached,0,0,50614,86000,95372,166452,71.3
1998,South East,Terraced,0,0,52204,68000,75866,131613,71.3
1998,South West,Detached,0,0,36583,105000,121909,203226,71.3
1998,South West,Flat / Maisonette,0,0,15485,46000,57304,89032,71.3
1998,South West,Semi-detached,0,0,29165,65000,70941,125806,71.3
1998,South West,Terraced,0,0,36966,52000,58122,100645,71.3
1998,Wales,Detached,0,0,13460,79000,86535,152903,71.3
1998,Wales,Flat / Maisonette,0,0,2012,40500,46448,78387,71.3
1998,Wales,Semi-detached,0,0,13355,49000,52114,94839,71.3
1998,Wales,Terraced,0,0,15683,37500,40652,72581,71.3
1998,West Midlands,Detached,0,0,24532,98950,116166,191516,71.3
1998,West Midlands,Flat / Maisonette,0,0,6716,40000,46280,77419,71.3
1998,West Midlands,Semi-detached,0,0,32354,55700,60157,107806,71.3
1998,West Midlands,Terraced,0,0,26857,43000,46880,83226,71.3
1998,Yorkshire and The Humber,Detached,0,0,21707,85000,98455,164516,71.3
1998,Yorkshire and The Humber,Flat / Maisonette,0,0,4241,43000,48112,83226,71.3
1998,Yorkshire and The Humber,Semi-detached,0,0,31484,50000,53287,96774,71.3
1998,Yorkshire and The Humber,Terraced,0,0,29788,36000,39527,69677,71.3
1998,East Midlands,All types,0,1,84821,53500,64351,103548,71.3
1998,East of England,All types,0,1,124633,69000,86228,133548,71.3
1998,London,All types,0,1,148569,96999,135259,187740,71.3
1998,North East,All types,0,1,41691,48500,56119,93871,71.3
1998,North West,All types,0,1,118872,50500,61078,97742,71.3
1998,South East,All types,0,1,188691,83000,106318,160645,71.3
1998,South West,All types,0,1,118199,66500,80920,128710,71.3
1998,Wales,All types,0,1,44510,49950,58228,96677,71.3
1998,West Midlands,All types,0,1,90459,57000,70374,110323,71.3
1998,Yorkshire and The Humber,All types,0,1,87220,50000,59577,96774,71.3
1998,All regions,Detached,1,0,257465,103950,129136,201194,71.3
1998,All regions,Flat / Maisonette,1,0,167015,59000,80973,114194,71.3
1998,All regions,Semi-detached,1,0,302325,59999,73294,116127,71.3
1998,All regions,Terraced,1,0,321531,50490,64797,97723,71.3
1998,All regions,All types,1,1,1048336,65000,85626,125806,71.3
1999,East Midlands,Detached,0,0,37148,87000,101589,165372,72.6
1999,East Midlands,Flat / Maisonette,0,0,2857,38000,47455,72231,72.6
1999,East Midlands,Semi-detached,0,0,32699,50995,54497,96933,72.6
1999,East Midlands,Terraced,0,0,24129,39750,44182,75558,72.6
1999,East of England,Detached,0,0,43856,120000,143934,228099,72.6
1999,East of England,Flat / Maisonette,0,0,18736,51000,57739,96942,72.6
1999,East of England,Semi-detached,0,0,40982,74238,84845,141113,72.6
1999,East of England,Terraced,0,0,41294,62000,70893,117851,72.6
1999,London,Detached,0,0,7787,245000,336994,465702,72.6
1999,London,Flat / Maisonette,0,0,84444,98000,134933,186281,72.6
1999,London,Semi-detached,0,0,27349,139000,174894,264215,72.6
1999,London,Terraced,0,0,52471,115000,161550,218595,72.6
1999,North East,Detached,0,0,9538,88000,101137,167273,72.6
1999,North East,Flat / Maisonette,0,0,4768,36970,44171,70274,72.6
1999,North East,Semi-detached,0,0,14764,52500,55165,99793,72.6
1999,North East,Terraced,0,0,15156,36000,42775,68430,72.6
1999,North West,Detached,0,0,29155,98100,117222,186471,72.6
1999,North West,Flat / Maisonette,0,0,8864,47450,57941,90194,72.6
1999,North West,Semi-detached,0,0,48053,55950,60707,106351,72.6
1999,North West,Terraced,0,0,44886,35950,40116,68335,72.6
1999,South East,Detached,0,0,60297,164000,200616,311736,72.6
1999,South East,Flat / Maisonette,0,0,39411,59950,69280,113955,72.6
1999,South East,Semi-detached,0,0,57237,95000,106269,180579,72.6
1999,South East,Terraced,0,0,59540,75000,84499,142562,72.6
1999,South West,Detached,0,0,42963,117950,135473,224202,72.6
1999,South West,Flat / Maisonette,0,0,18695,52000,65168,98843,72.6
1999,South West,Semi-detached,0,0,32627,71500,78829,135909,72.6
1999,South West,Terraced,0,0,42515,58000,65262,110248,72.6
1999,Wales,Detached,0,0,15412,83000,92450,157769,72.6
1999,Wales,Flat / Maisonette,0,0,2225,44000,51629,83636,72.6
1999,Wales,Semi-detached,0,0,14249,52000,55288,98843,72.6
1999,Wales,Terraced,0,0,17071,39000,42858,74132,72.6
1999,West Midlands,Detached,0,0,28859,110000,126439,209091,72.6
1999,West Midlands,Flat / Maisonette,0,0,7862,42500,51359,80785,72.6
1999,West Midlands,Semi-detached,0,0,35919,59500,64973,113099,72.6
1999,West Midlands,Terraced,0,0,30419,46000,50485,87438,72.6
1999,Yorkshire and The Humber,Detached,0,0,25682,89500,104089,170124,72.6
1999,Yorkshire and The Humber,Flat / Maisonette,0,0,4754,46500,54336,88388,72.6
1999,Yorkshire and The Humber,Semi-detached,0,0,34899,52000,55747,98843,72.6
1999,Yorkshire and The Humber,Terraced,0,0,32354,38000,42319,72231,72.6
1999,East Midlands,All types,0,1,96833,57500,69785,109298,72.6
1999,East of England,All types,0,1,144868,76000,95250,144463,72.6
1999,London,All types,0,1,172051,118000,158548,224298,72.6
1999,North East,All types,0,1,44226,51000,59648,96942,72.6
1999,North West,All types,0,1,130958,54000,66044,102645,72.6
1999,South East,All types,0,1,216485,92500,119826,175826,72.6
1999,South West,All types,0,1,136800,74000,90535,140661,72.6
1999,Wales,All types,0,1,48957,53500,62486,101694,72.6
1999,West Midlands,All types,0,1,103059,60000,76870,114050,72.6
1999,Yorkshire and The Humber,All types,0,1,97689,53000,63940,100744,72.6
1999,All regions,Detached,1,0,300972,115000,142220,218595,72.6
1999,All regions,Flat / Maisonette,1,0,192862,67500,93800,128306,72.6
1999,All regions,Semi-detached,1,0,338860,66000,81173,125455,72.6
1999,All regions,Terraced,1,0,359934,56000,73261,106446,72.6
1999,All regions,All types,1,1,1192628,73000,96233,138760,72.6
2000,East Midlands,Detached,0,0,34913,97000,114126,182371,73.4
2000,East Midlands,Flat / Maisonette,0,0,3347,43000,54235,80845,73.4
2000,East Midlands,Semi-detached,0,0,31747,55500,60254,104346,73.4
2000,East Midlands,Terraced,0,0,25828,43000,47954,80845,73.4
2000,East of England,Detached,0,0,36856,140000,169728,263215,73.4
2000,East of England,Flat / Maisonette,0,0,18937,59950,68078,112713,73.4
2000,East of England,Semi-detached,0,0,35759,85250,99241,160279,73.4
2000,East of England,Terraced,0,0,37812,72000,81624,135368,73.4
2000,London,Detached,0,0,6244,295000,401441,554632,73.4
2000,London,Flat / Maisonette,0,0,78438,121000,162309,227493,73.4
2000,London,Semi-detached,0,0,22308,165000,207186,310218,73.4
2000,London,Terraced,0,0,45268,135000,196629,253815,73.4
2000,North East,Detached,0,0,9957,92500,107980,173910,73.4
2000,North East,Flat / Maisonette,0,0,5354,36500,46002,68624,73.4
2000,North East,Semi-detached,0,0,15371,54000,57230,101526,73.4
2000,North East,Terraced,0,0,16185,36100,43739,67872,73.4
2000,North West,Detached,0,0,28349,109000,127854,204932,73.4
2000,North West,Flat / Maisonette,0,0,10031,54000,66530,101526,73.4
2000,North West,Semi-detached,0,0,47998,59500,65481,111866,73.4
2000,North West,Terraced,0,0,48661,36995,42572,69555,73.4
2000,South East,Detached,0,0,49773,193000,241116,362861,73.4
2000,South East,Flat / Maisonette,0,0,38138,72500,83191,136308,73.4
2000,South East,Semi-detached,0,0,49275,117800,127471,221477,73.4
2000,South East,Terraced,0,0,52905,89950,101144,169116,73.4
2000,South West,Detached,0,0,36649,137000,160773,257575,73.4
2000,South West,Flat / Maisonette,0,0,17793,59000,73383,110926,73.4
2000,South West,Semi-detached,0,0,28835,83250,92295,156519,73.4
2000,South West,Terraced,0,0,38904,68500,76801,128787,73.4
2000,Wales,Detached,0,0,16892,89500,101108,168270,73.4
2000,Wales,Flat / Maisonette,0,0,2645,49000,56238,92125,73.4
2000,Wales,Semi-detached,0,0,15316,54000,58987,101526,73.4
2000,Wales,Terraced,0,0,18919,40000,45957,75204,73.4
2000,West Midlands,Detached,0,0,26302,124000,142401,233134,73.4
2000,West Midlands,Flat / Maisonette,0,0,8268,47500,58114,89305,73.4
2000,West Midlands,Semi-detached,0,0,35106,65000,71557,122207,73.4
2000,West Midlands,Terraced,0,0,30903,50000,55901,94005,73.4
2000,Yorkshire and The Humber,Detached,0,0,26303,95000,111330,178610,73.4
2000,Yorkshire and The Humber,Flat / Maisonette,0,0,5591,52000,63894,97766,73.4
2000,Yorkshire and The Humber,Semi-detached,0,0,34744,54500,59567,102466,73.4
2000,Yorkshire and The Humber,Terraced,0,0,33730,39000,44947,73324,73.4
2000,East Midlands,All types,0,1,95835,61664,76354,115935,73.4
2000,East of England,All types,0,1,129364,86666,109612,162942,73.4
2000,London,All types,0,1,152258,138000,188895,259455,73.4
2000,North East,All types,0,1,46867,52000,62070,97766,73.4
2000,North West,All types,0,1,135039,56995,70398,107157,73.4
2000,South East,All types,0,1,190091,112000,141016,210572,73.4
2000,South West,All types,0,1,122181,85000,105148,159809,73.4
2000,Wales,All types,0,1,53772,57000,67499,107166,73.4
2000,West Midlands,All types,0,1,100579,67000,84168,125967,73.4
2000,Yorkshire and The Humber,All types,0,1,100368,56000,68460,105286,73.4
2000,All regions,Detached,1,0,272613,127000,160620,238774,73.4
2000,All regions,Flat / Maisonette,1,0,188773,79000,109173,148529,73.4
2000,All regions,Semi-detached,1,0,316550,72000,90169,135368,73.4
2000,All regions,Terraced,1,0,349255,60000,81518,112807,73.4
2000,All regions,All types,1,1,1127191,80000,107710,150409,73.4
2001,East Midlands,Detached,0,0,37927,112500,127973,208110,74.6
2001,East Midlands,Flat / Maisonette,0,0,4447,52000,65609,96193,74.6
2001,East Midlands,Semi-detached,0,0,35210,62000,67581,114692,74.6
2001,East Midlands,Terraced,0,0,28973,48000,53604,88794,74.6
2001,East of England,Detached,0,0,41649,155000,189262,286729,74.6
2001,East of England,Flat / Maisonette,0,0,20351,67000,76631,123941,74.6
2001,East of England,Semi-detached,0,0,39881,99995,114108,184977,74.6
2001,East of England,Terraced,0,0,42451,82995,93904,153530,74.6
2001,London,Detached,0,0,6846,310000,422110,573458,74.6
2001,London,Flat / Maisonette,0,0,80408,136500,177930,252507,74.6
2001,London,Semi-detached,0,0,26073,182000,226632,336676,74.6
2001,London,Terraced,0,0,52238,150000,207337,277480,74.6
2001,North East,Detached,0,0,10962,99950,117337,184894,74.6
2001,North East,Flat / Maisonette,0,0,6115,39950,51766,73902,74.6
2001,North East,Semi-detached,0,0,16724,57500,61526,106367,74.6
2001,North East,Terraced,0,0,19062,37750,46490,69832,74.6
2001,North West,Detached,0,0,29776,119995,143166,221975,74.6
2001,North West,Flat / Maisonette,0,0,11309,60000,75296,110992,74.6
2001,North West,Semi-detached,0,0,51571,65000,72439,120241,74.6
2001,North West,Terraced,0,0,53298,39000,46264,72145,74.6
2001,South East,Detached,0,0,54324,216500,263066,400496,74.6
2001,South East,Flat / Maisonette,0,0,41222,84500,96858,156314,74.6
2001,South East,Semi-detached,0,0,56201,130000,142334,240483,74.6
2001,South East,Terraced,0,0,59668,102500,114076,189611,74.6
2001,South West,Detached,0,0,40091,153000,179034,283029,74.6
2001,South West,Flat / Maisonette,0,0,19905,69500,85503,128566,74.6
2001,South West,Semi-detached,0,0,32140,94000,105595,173887,74.6
2001,South West,Terraced,0,0,42576,78000,88413,144290,74.6
2001,Wales,Detached,0,0,18103,97995,112160,181278,74.6
2001,Wales,Flat / Maisonette,0,0,3192,57000,67313,105442,74.6
2001,Wales,Semi-detached,0,0,17090,58225,63895,107708,74.6
2001,Wales,Terraced,0,0,21330,43950,50269,81302,74.6
2001,West Midlands,Detached,0,0,28066,138000,159380,255282,74.6
2001,West Midlands,Flat / Maisonette,0,0,9891,57000,70875,105442,74.6
2001,West Midlands,Semi-detached,0,0,37008,73000,80821,135040,74.6
2001,West Midlands,Terraced,0,0,33945,56300,62211,104147,74.6
2001,Yorkshire and The Humber,Detached,0,0,27791,105000,123343,194236,74.6
2001,Yorkshire and The Humber,Flat / Maisonette,0,0,6276,59950,72454,110899,74.6
2001,Yorkshire and The Humber,Semi-detached,0,0,38602,58995,65292,109133,74.6
2001,Yorkshire and The Humber,Terraced,0,0,39946,40500,48184,74920,74.6
2001,East Midlands,All types,0,1,106557,70000,85194,129491,74.6
2001,East of England,All types,0,1,144332,99995,124568,184977,74.6
2001,London,All types,0,1,165565,155000,204974,286729,74.6
2001,North East,All types,0,1,52863,55000,66549,101743,74.6
2001,North West,All types,0,1,145954,60000,77531,110992,74.6
2001,South East,All types,0,1,211415,126000,156514,233083,74.6
2001,South West,All types,0,1,134712,96500,119052,178512,74.6
2001,Wales,All types,0,1,59715,60000,73842,110992,74.6
2001,West Midlands,All types,0,1,108910,76000,94362,140590,74.6
2001,Yorkshire and The Humber,All types,0,1,112615,59950,73949,110899,74.6
2001,All regions,Detached,1,0,295975,141250,177926,261294,74.6
2001,All regions,Flat / Maisonette,1,0,203400,90000,120126,166488,74.6
2001,All regions,Semi-detached,1,0,350638,81500,101570,150764,74.6
2001,All regions,Terraced,1,0,393657,69000,89978,127641,74.6
2001,All regions,All types,1,1,1243670,90000,119107,166488,74.6
2002,East Midlands,Detached,0,0,39628,135000,153847,246103,75.7
2002,East Midlands,Flat / Maisonette,0,0,5568,66000,79598,120317,75.7
2002,East Midlands,Semi-detached,0,0,37374,77000,82625,140370,75.7
2002,East Midlands,Terraced,0,0,32198,59995,66044,109370,75.7
2002,East of England,Detached,0,0,43257,185000,222356,337252,75.7
2002,East of England,Flat / Maisonette,0,0,22720,85950,97133,156686,75.7
2002,East of England,Semi-detached,0,0,41122,125000,137991,227873,75.7
2002,East of England,Terraced,0,0,43076,104000,114383,189590,75.7
2002,London,Detached,0,0,7356,351500,460176,640779,75.7
2002,London,Flat / Maisonette,0,0,86864,160000,202788,291678,75.7
2002,London,Semi-detached,0,0,27330,217000,260062,395588,75.7
2002,London,Terraced,0,0,55399,180000,238253,328137,75.7
2002,North East,Detached,0,0,11549,121950,138700,222313,75.7
2002,North East,Flat / Maisonette,0,0,7579,47500,62676,86592,75.7
2002,North East,Semi-detached,0,0,17823,66000,72149,120317,75.7
2002,North East,Terraced,0,0,22645,42000,53110,76565,75.7
2002,North West,Detached,0,0,31626,140000,167708,255218,75.7
2002,North West,Flat / Maisonette,0,0,15905,79000,91560,144016,75.7
2002,North West,Semi-detached,0,0,56146,76950,85855,140279,75.7
2002,North West,Terraced,0,0,64947,44000,52783,80211,75.7
2002,South East,Detached,0,0,58103,248000,297493,452100,75.7
2002,South East,Flat / Maisonette,0,0,45033,104000,115409,189590,75.7
2002,South East,Semi-detached,0,0,59763,153500,166366,279828,75.7
2002,South East,Terraced,0,0,62923,125000,135593,227873,75.7
2002,South West,Detached,0,0,41596,185000,213091,337252,75.7
2002,South West,Flat / Maisonette,0,0,22216,88000,106913,160423,75.7
2002,South West,Semi-detached,0,0,32601,119000,128539,216935,75.7
2002,South West,Terraced,0,0,43370,97000,109340,176830,75.7
2002,Wales,Detached,0,0,20006,119950,132026,218667,75.7
2002,Wales,Flat / Maisonette,0,0,4166,69950,85052,127518,75.7
2002,Wales,Semi-detached,0,0,19133,67500,74532,123052,75.7
2002,Wales,Terraced,0,0,24093,49950,58087,91058,75.7
2002,West Midlands,Detached,0,0,30739,162500,187376,296235,75.7
2002,West Midlands,Flat / Maisonette,0,0,11475,69500,83762,126697,75.7
2002,West Midlands,Semi-detached,0,0,40564,86500,95733,157688,75.7
2002,West Midlands,Terraced,0,0,37793,67500,74421,123052,75.7
2002,Yorkshire and The Humber,Detached,0,0,28791,129000,149635,235165,75.7
2002,Yorkshire and The Humber,Flat / Maisonette,0,0,8548,75950,87150,138456,75.7
2002,Yorkshire and The Humber,Semi-detached,0,0,41047,69950,77838,127518,75.7
2002,Yorkshire and The Humber,Terraced,0,0,46763,46500,56477,84769,75.7
2002,East Midlands,All types,0,1,114768,85000,102418,154954,75.7
2002,East of England,All types,0,1,150175,125000,149339,227873,75.7
2002,London,All types,0,1,176949,180500,233437,329049,75.7
2002,North East,All types,0,1,59596,61500,76607,112114,75.7
2002,North West,All types,0,1,168624,71000,89007,129432,75.7
2002,South East,All types,0,1,225822,148000,181368,269802,75.7
2002,South West,All types,0,1,139783,123000,144305,224227,75.7
2002,Wales,All types,0,1,67398,71000,86370,129432,75.7
2002,West Midlands,All types,0,1,120571,89950,111278,163978,75.7
2002,Yorkshire and The Humber,All types,0,1,125149,70000,87009,127609,75.7
2002,All regions,Detached,1,0,313163,169950,207419,309816,75.7
2002,All regions,Flat / Maisonette,1,0,230493,111000,138371,202351,75.7
2002,All regions,Semi-detached,1,0,373028,97500,119646,177741,75.7
2002,All regions,Terraced,1,0,433367,81000,103905,147662,75.7
2002,All regions,All types,1,1,1350051,110000,138150,200528,75.7
2003,East Midlands,Detached,0,0,33374,167000,188113,300469,76.7
2003,East Midlands,Flat / Maisonette,0,0,6535,87000,97074,156532,76.7
2003,East Midlands,Semi-detached,0,0,34133,97000,104887,174524,76.7
2003,East Midlands,Terraced,0,0,29974,78000,84632,140339,76.7
2003,East of England,Detached,0,0,36703,215000,253245,386832,76.7
2003,East of England,Flat / Maisonette,0,0,21395,105000,115550,188918,76.7
2003,East of England,Semi-detached,0,0,36302,148000,161738,266284,76.7
2003,East of England,Terraced,0,0,39076,126000,136179,226701,76.7
2003,London,Detached,0,0,5985,390000,508883,701695,76.7
2003,London,Flat / Maisonette,0,0,74896,173000,216498,311265,76.7
2003,London,Semi-detached,0,0,23716,244997,283746,440803,76.7
2003,London,Terraced,0,0,47844,204950,257889,368750,76.7
2003,North East,Detached,0,0,10775,155000,174521,278879,76.7
2003,North East,Flat / Maisonette,0,0,8703,64000,81092,115150,76.7
2003,North East,Semi-detached,0,0,16964,85000,92730,152934,76.7
2003,North East,Terraced,0,0,24038,53500,65223,96258,76.7
2003,North West,Detached,0,0,28740,171000,200196,307666,76.7
2003,North West,Flat / Maisonette,0,0,17798,93500,105426,168227,76.7
2003,North West,Semi-detached,0,0,53384,94950,105383,170836,76.7
2003,North West,Terraced,0,0,67239,55000,63757,98957,76.7
2003,South East,Detached,0,0,47997,279950,332258,503691,76.7
2003,South East,Flat / Maisonette,0,0,40830,120000,132532,215906,76.7
2003,South East,Semi-detached,0,0,51940,177500,190462,319361,76.7
2003,South East,Terraced,0,0,54970,144000,155206,259087,76.7
2003,South West,Detached,0,0,34593,225000,252796,404824,76.7
2003,South West,Flat / Maisonette,0,0,21317,108000,124753,194316,76.7
2003,South West,Semi-detached,0,0,29582,141000,152319,253690,76.7
2003,South West,Terraced,0,0,38727,120000,131276,215906,76.7
2003,Wales,Detached,0,0,18432,146858,160230,264229,76.7
2003,Wales,Flat / Maisonette,0,0,4023,86000,97680,154733,76.7
2003,Wales,Semi-detached,0,0,18058,85000,91972,152934,76.7
2003,Wales,Terraced,0,0,23477,63000,71619,113351,76.7
2003,West Midlands,Detached,0,0,25915,192495,220286,346340,76.7
2003,West Midlands,Flat / Maisonette,0,0,12327,88750,102868,159681,76.7
2003,West Midlands,Semi-detached,0,0,36821,108000,116401,194316,76.7
2003,West Midlands,Terraced,0,0,35517,83500,90835,150235,76.7
2003,Yorkshire and The Humber,Detached,0,0,25305,161950,184742,291383,76.7
2003,Yorkshire and The Humber,Flat / Maisonette,0,0,10283,94000,104845,169126,76.7
2003,Yorkshire and The Humber,Semi-detached,0,0,38950,89500,98481,161030,76.7
2003,Yorkshire and The Humber,Terraced,0,0,47079,59950,70061,107863,76.7
2003,East Midlands,All types,0,1,104016,107000,125263,192516,76.7
2003,East of England,All types,0,1,133476,145500,172015,261786,76.7
2003,London,All types,0,1,152441,200000,251430,359844,76.7
2003,North East,All types,0,1,60480,78000,94694,140339,76.7
2003,North West,All types,0,1,167161,85000,104945,152934,76.7
2003,South East,All types,0,1,195737,169950,203247,305777,76.7
2003,South West,All types,0,1,124219,145000,169009,260887,76.7
2003,Wales,All types,0,1,63990,88000,104525,158331,76.7
2003,West Midlands,All types,0,1,110580,110000,131027,197914,76.7
2003,Yorkshire and The Humber,All types,0,1,121617,87995,105966,158322,76.7
2003,All regions,Detached,1,0,268297,199950,239972,359754,76.7
2003,All regions,Flat / Maisonette,1,0,218499,126950,150003,228411,76.7
2003,All regions,Semi-detached,1,0,339982,123000,139952,221304,76.7
2003,All regions,Terraced,1,0,408095,95000,117354,170926,76.7
2003,All regions,All types,1,1,1234873,130000,155994,233898,76.7
2004,East Midlands,Detached,0,0,33067,187000,211278,331697,77.8
2004,East Midlands,Flat / Maisonette,0,0,6820,102000,109553,180925,77.8
2004,East Midlands,Semi-detached,0,0,34254,118000,123008,209306,77.8
2004,East Midlands,Terraced,0,0,28426,94000,102093,166735,77.8
2004,East of England,Detached,0,0,37876,235000,274807,416838,77.8
2004,East of England,Flat / Maisonette,0,0,21271,120000,128844,212853,77.8
2004,East of England,Semi-detached,0,0,37703,165000,179743,292674,77.8
2004,East of England,Terraced,0,0,39727,142000,153080,251877,77.8
2004,London,Detached,0,0,6101,430000,558916,762725,77.8
2004,London,Flat / Maisonette,0,0,80951,191000,237976,338792,77.8
2004,London,Semi-detached,0,0,24059,250000,311305,443445,77.8
2004,London,Terraced,0,0,48400,225000,285308,399100,77.8
2004,North East,Detached,0,0,10300,183500,205011,325488,77.8
2004,North East,Flat / Maisonette,0,0,8489,82000,97578,145450,77.8
2004,North East,Semi-detached,0,0,15688,110000,116090,195116,77.8
2004,North East,Terraced,0,0,23659,70000,83125,124165,77.8
2004,North West,Detached,0,0,26618,200500,236793,355643,77.8
2004,North West,Flat / Maisonette,0,0,19212,114000,124402,202211,77.8
2004,North West,Semi-detached,0,0,50174,122000,130377,216401,77.8
2004,North West,Terraced,0,0,66939,72950,81597,129397,77.8
2004,South East,Detached,0,0,51154,300000,358320,532134,77.8
2004,South East,Flat / Maisonette,0,0,43071,134950,147162,239371,77.8
2004,South East,Semi-detached,0,0,53552,192000,207716,340566,77.8
2004,South East,Terraced,0,0,55000,158500,171124,281144,77.8
2004,South West,Detached,0,0,34587,247000,280794,438123,77.8
2004,South West,Flat / Maisonette,0,0,22148,124950,141002,221634,77.8
2004,South West,Semi-detached,0,0,29248,160000,173683,283805,77.8
2004,South West,Terraced,0,0,37325,137500,151372,243895,77.8
2004,Wales,Detached,0,0,16208,177000,192663,313959,77.8
2004,Wales,Flat / Maisonette,0,0,4128,110000,117114,195116,77.8
2004,Wales,Semi-detached,0,0,16004,111950,118731,198575,77.8
2004,Wales,Terraced,0,0,20881,83000,92179,147224,77.8
2004,West Midlands,Detached,0,0,25312,220000,247669,390231,77.8
2004,West Midlands,Flat / Maisonette,0,0,12889,105000,117323,186247,77.8
2004,West Midlands,Semi-detached,0,0,37135,127500,136520,226157,77.8
2004,West Midlands,Terraced,0,0,34752,100000,109436,177378,77.8
2004,Yorkshire and The Humber,Detached,0,0,23913,189950,216376,336929,77.8
2004,Yorkshire and The Humber,Flat / Maisonette,0,0,11083,115000,121964,203985,77.8
2004,Yorkshire and The Humber,Semi-detached,0,0,37882,115000,120734,203985,77.8
2004,Yorkshire and The Humber,Terraced,0,0,44986,77000,87849,136581,77.8
2004,East Midlands,All types,0,1,102567,126500,144775,224383,77.8
2004,East of England,All types,0,1,136577,164000,190424,290900,77.8
2004,London,All types,0,1,159511,220000,275673,390231,77.8
2004,North East,All types,0,1,58136,96000,115726,170283,77.8
2004,North West,All types,0,1,162943,108000,127017,191568,77.8
2004,South East,All types,0,1,202777,185000,222921,328149,77.8
2004,South West,All types,0,1,123308,164995,191103,292665,77.8
2004,Wales,All types,0,1,57221,115000,129866,203985,77.8
2004,West Midlands,All types,0,1,110088,128500,151278,227931,77.8
2004,Yorkshire and The Humber,All types,0,1,117864,110000,127703,195116,77.8
2004,All regions,Detached,1,0,265493,230000,270880,407969,77.8
2004,All regions,Flat / Maisonette,1,0,230376,142000,168604,251877,77.8
2004,All regions,Semi-detached,1,0,335806,144500,162613,256311,77.8
2004,All regions,Terraced,1,0,400245,118000,137375,209306,77.8
2004,All regions,All types,1,1,1231920,150000,178866,266067,77.8
2005,East Midlands,Detached,0,0,26282,199950,226467,347520,79.4
2005,East Midlands,Flat / Maisonette,0,0,6713,110000,116764,191184,79.4
2005,East Midlands,Semi-detached,0,0,29744,125000,131882,217254,79.4
2005,East Midlands,Terraced,0,0,24760,104000,111481,180756,79.4
2005,East of England,Detached,0,0,31482,247000,295261,429295,79.4
2005,East of England,Flat / Maisonette,0,0,20104,128500,139653,223338,79.4
2005,East of England,Semi-detached,0,0,32945,170500,187310,296335,79.4
2005,East of England,Terraced,0,0,34034,148000,159668,257229,79.4
2005,London,Detached,0,0,5333,450000,582844,782116,79.4
2005,London,Flat / Maisonette,0,0,70553,200000,248539,347607,79.4
2005,London,Semi-detached,0,0,20806,266000,330520,462317,79.4
2005,London,Terraced,0,0,41912,235000,304152,408438,79.4
2005,North East,Detached,0,0,7693,199950,227043,347520,79.4
2005,North East,Flat / Maisonette,0,0,8357,91950,104846,159812,79.4
2005,North East,Semi-detached,0,0,13958,120000,127625,208564,79.4
2005,North East,Terraced,0,0,20159,82950,95588,144170,79.4
2005,North West,Detached,0,0,19720,224000,261109,389320,79.4
2005,North West,Flat / Maisonette,0,0,19197,121035,133081,210363,79.4
2005,North West,Semi-detached,0,0,40290,133000,143454,231159,79.4
2005,North West,Terraced,0,0,55608,84000,93059,145995,79.4
2005,South East,Detached,0,0,42499,315000,377151,547481,79.4
2005,South East,Flat / Maisonette,0,0,39158,141500,155572,245932,79.4
2005,South East,Semi-detached,0,0,45530,200000,216088,347607,79.4
2005,South East,Terraced,0,0,48354,165000,179965,286776,79.4
2005,South West,Detached,0,0,28766,250000,295128,434509,79.4
2005,South West,Flat / Maisonette,0,0,20014,128500,145386,223338,79.4
2005,South West,Semi-detached,0,0,25898,168500,183318,292859,79.4
2005,South West,Terraced,0,0,33909,145000,158682,252015,79.4
2005,Wales,Detached,0,0,12557,195000,213475,338917,79.4
2005,Wales,Flat / Maisonette,0,0,3966,124125,131638,215734,79.4
2005,Wales,Semi-detached,0,0,13762,123000,130442,213778,79.4
2005,Wales,Terraced,0,0,18019,94000,104133,163375,79.4
2005,West Midlands,Detached,0,0,19710,235000,265043,408438,79.4
2005,West Midlands,Flat / Maisonette,0,0,13129,116000,124969,201612,79.4
2005,West Midlands,Semi-detached,0,0,32029,135000,145749,234635,79.4
2005,West Midlands,Terraced,0,0,31124,110000,118022,191184,79.4
2005,Yorkshire and The Humber,Detached,0,0,18936,208500,236640,362380,79.4
2005,Yorkshire and The Humber,Flat / Maisonette,0,0,10567,119500,127814,207695,79.4
2005,Yorkshire and The Humber,Semi-detached,0,0,32890,124950,133226,217168,79.4
2005,Yorkshire and The Humber,Terraced,0,0,40459,89000,100678,154685,79.4
2005,East Midlands,All types,0,1,87499,132000,153359,229421,79.4
2005,East of England,All types,0,1,118565,169995,199958,295457,79.4
2005,London,All types,0,1,138604,230000,290525,399748,79.4
2005,North East,All types,0,1,50167,108995,126202,189437,79.4
2005,North West,All types,0,1,134815,119000,138400,206826,79.4
2005,South East,All types,0,1,175541,192000,231632,333703,79.4
2005,South West,All types,0,1,108587,169950,198253,295379,79.4
2005,Wales,All types,0,1,48304,125000,142311,217254,79.4
2005,West Midlands,All types,0,1,95992,134000,158411,232897,79.4
2005,Yorkshire and The Humber,All types,0,1,102852,119995,138906,208556,79.4
2005,All regions,Detached,1,0,213269,245000,291827,425819,79.4
2005,All regions,Flat / Maisonette,1,0,212006,147245,175101,255917,79.4
2005,All regions,Semi-detached,1,0,287944,153000,173577,265919,79.4
2005,All regions,Terraced,1,0,348457,125600,148561,218297,79.4
2005,All regions,All types,1,1,1061676,157500,189425,273741,79.4
2006,East Midlands,Detached,0,0,33083,205000,232597,347543,81.4
2006,East Midlands,Flat / Maisonette,0,0,9390,115000,118787,194963,81.4
2006,East Midlands,Semi-detached,0,0,36545,130000,138626,220393,81.4
2006,East Midlands,Terraced,0,0,29792,110000,117082,186486,81.4
2006,East of England,Detached,0,0,40498,250000,309130,423833,81.4
2006,East of England,Flat / Maisonette,0,0,25661,135000,148323,228870,81.4
2006,East of England,Semi-detached,0,0,41073,178500,197914,302617,81.4
2006,East of England,Terraced,0,0,41887,155500,170338,263624,81.4
2006,London,Detached,0,0,7352,480000,634931,813759,81.4
2006,London,Flat / Maisonette,0,0,88402,217500,267697,368735,81.4
2006,London,Semi-detached,0,0,26260,285000,355975,483170,81.4
2006,London,Terraced,0,0,51557,245500,333611,416204,81.4
2006,North East,Detached,0,0,9623,205000,233584,347543,81.4
2006,North East,Flat / Maisonette,0,0,9433,102500,112243,173771,81.4
2006,North East,Semi-detached,0,0,17999,127000,136485,215307,81.4
2006,North East,Terraced,0,0,23337,90000,106286,152580,81.4
2006,North West,Detached,0,0,24919,232500,272977,394165,81.4
2006,North West,Flat / Maisonette,0,0,23699,127000,139244,215307,81.4
2006,North West,Semi-detached,0,0,51553,140000,153164,237346,81.4
2006,North West,Terraced,0,0,64050,93000,104516,157666,81.4
2006,South East,Detached,0,0,55947,334000,402464,566241,81.4
2006,South East,Flat / Maisonette,0,0,50460,148000,162797,250909,81.4
2006,South East,Semi-detached,0,0,58008,213000,228829,361106,81.4
2006,South East,Terraced,0,0,60494,173000,190400,293292,81.4
2006,South West,Detached,0,0,38125,267000,308774,452654,81.4
2006,South West,Flat / Maisonette,0,0,26762,136000,153426,230565,81.4
2006,South West,Semi-detached,0,0,33100,176000,192579,298378,81.4
2006,South West,Terraced,0,0,43047,154000,170023,261081,81.4
2006,Wales,Detached,0,0,15825,202500,226041,343305,81.4
2006,Wales,Flat / Maisonette,0,0,4870,120773,132153,204750,81.4
2006,Wales,Semi-detached,0,0,17836,131000,141054,222088,81.4
2006,Wales,Terraced,0,0,21715,104000,112291,176314,81.4
2006,West Midlands,Detached,0,0,25164,245000,278489,415356,81.4
2006,West Midlands,Flat / Maisonette,0,0,16011,119000,128871,201744,81.4
2006,West Midlands,Semi-detached,0,0,39266,143000,153935,242432,81.4
2006,West Midlands,Terraced,0,0,36880,118000,126561,200049,81.4
2006,Yorkshire and The Humber,Detached,0,0,23875,220000,250932,372973,81.4
2006,Yorkshire and The Humber,Flat / Maisonette,0,0,13808,123000,133330,208526,81.4
2006,Yorkshire and The Humber,Semi-detached,0,0,41232,132000,142456,223784,81.4
2006,Yorkshire and The Humber,Terraced,0,0,46778,99000,111478,167838,81.4
2006,East Midlands,All types,0,1,108810,137000,159587,232260,81.4
2006,East of England,All types,0,1,149119,178000,211838,301769,81.4
2006,London,All types,0,1,173571,245000,316187,415356,81.4
2006,North East,All types,0,1,60392,119000,136501,201744,81.4
2006,North West,All types,0,1,164221,127950,150362,216918,81.4
2006,South East,All types,0,1,224909,202500,246870,343305,81.4
2006,South West,All types,0,1,141034,178000,209675,301769,81.4
2006,Wales,All types,0,1,60246,133000,152291,225479,81.4
2006,West Midlands,All types,0,1,117321,142500,168625,241585,81.4
2006,Yorkshire and The Humber,All types,0,1,125693,128650,150529,218104,81.4
2006,All regions,Detached,1,0,274705,250000,308999,423833,81.4
2006,All regions,Flat / Maisonette,1,0,268758,153000,185576,259386,81.4
2006,All regions,Semi-detached,1,0,362972,160000,184583,271253,81.4
2006,All regions,Terraced,1,0,419665,135000,162451,228870,81.4
2006,All regions,All types,1,1,1326100,166000,203553,281425,81.4
2007,East Midlands,Detached,0,0,31257,218000,247990,361152,83.3
2007,East Midlands,Flat / Maisonette,0,0,9353,117000,122194,193830,83.3
2007,East Midlands,Semi-detached,0,0,35279,137000,146274,226963,83.3
2007,East Midlands,Terraced,0,0,28361,117000,123965,193830,83.3
2007,East of England,Detached,0,0,37315,280000,338952,463866,83.3
2007,East of England,Flat / Maisonette,0,0,27034,144500,156734,239388,83.3
2007,East of England,Semi-detached,0,0,39306,194000,214646,321393,83.3
2007,East of England,Terraced,0,0,39372,168000,183645,278319,83.3
2007,London,Detached,0,0,7137,522000,710836,864778,83.3
2007,London,Flat / Maisonette,0,0,88241,240000,298623,397599,83.3
2007,London,Semi-detached,0,0,24298,317000,397524,525162,83.3
2007,London,Terraced,0,0,47906,267000,377104,442329,83.3
2007,North East,Detached,0,0,9395,215000,247371,356182,83.3
2007,North East,Flat / Maisonette,0,0,9538,106207,116258,175949,83.3
2007,North East,Semi-detached,0,0,18475,132000,140765,218679,83.3
2007,North East,Terraced,0,0,23908,97000,113125,160696,83.3
2007,North West,Detached,0,0,23650,245000,292628,405882,83.3
2007,North West,Flat / Maisonette,0,0,24966,127995,140909,212045,83.3
2007,North West,Semi-detached,0,0,49631,149000,162664,246843,83.3
2007,North West,Terraced,0,0,62072,103000,114335,170636,83.3
2007,South East,Detached,0,0,51443,365000,448556,604682,83.3
2007,South East,Flat / Maisonette,0,0,53098,160000,174044,265066,83.3
2007,South East,Semi-detached,0,0,53539,232995,251358,385994,83.3
2007,South East,Terraced,0,0,57074,188000,206872,311453,83.3
2007,South West,Detached,0,0,34817,290500,340772,481261,83.3
2007,South West,Flat / Maisonette,0,0,27434,144105,164275,238733,83.3
2007,South West,Semi-detached,0,0,29876,190000,211678,314766,83.3
2007,South West,Terraced,0,0,38621,167500,185185,277491,83.3
2007,Wales,Detached,0,0,15287,218000,239630,361152,83.3
2007,Wales,Flat / Maisonette,0,0,6104,125000,137285,207083,83.3
2007,Wales,Semi-detached,0,0,16979,138000,148528,228619,83.3
2007,Wales,Terraced,0,0,19977,110000,119374,182233,83.3
2007,West Midlands,Detached,0,0,23004,250000,294212,414166,83.3
2007,West Midlands,Flat / Maisonette,0,0,15622,120835,131180,200183,83.3
2007,West Midlands,Semi-detached,0,0,36755,149000,160958,246843,83.3
2007,West Midlands,Terraced,0,0,35451,122950,132284,203687,83.3
2007,Yorkshire and The Humber,Detached,0,0,22192,230000,266360,381032,83.3
2007,Yorkshire and The Humber,Flat / Maisonette,0,0,14910,125000,135608,207083,83.3
2007,Yorkshire and The Humber,Semi-detached,0,0,39587,138500,150354,229448,83.3
2007,Yorkshire and The Humber,Terraced,0,0,43285,109000,120113,180576,83.3
2007,East Midlands,All types,0,1,104250,144500,168542,239388,83.3
2007,East of England,All types,0,1,143027,190000,227597,314766,83.3
2007,London,All types,0,1,167582,263000,352954,435702,83.3
2007,North East,All types,0,1,61316,122500,142510,202941,83.3
2007,North West,All types,0,1,160319,134950,159736,223567,83.3
2007,South East,All types,0,1,215154,219950,267627,364383,83.3
2007,South West,All types,0,1,130748,190000,228283,314766,83.3
2007,Wales,All types,0,1,58347,140000,161239,231933,83.3
2007,West Midlands,All types,0,1,110832,147000,175247,243529,83.3
2007,Yorkshire and The Humber,All types,0,1,119974,135000,159069,223649,83.3
2007,All regions,Detached,1,0,255762,272500,336546,451441,83.3
2007,All regions,Flat / Maisonette,1,0,276535,161500,199152,267551,83.3
2007,All regions,Semi-detached,1,0,343806,170000,198136,281633,83.3
2007,All regions,Terraced,1,0,396167,145000,176369,240216,83.3
2007,All regions,All types,1,1,1272270,175000,219403,289916,83.3
2008,East Midlands,Detached,0,0,16254,210000,242996,336195,86.2
2008,East Midlands,Flat / Maisonette,0,0,5328,105000,111995,168097,86.2
2008,East Midlands,Semi-detached,0,0,18463,132000,141168,211323,86.2
2008,East Midlands,Terraced,0,0,14609,113500,119712,181705,86.2
2008,East of England,Detached,0,0,18812,275000,339723,440255,86.2
2008,East of England,Flat / Maisonette,0,0,13821,138000,152607,220928,86.2
2008,East of England,Semi-detached,0,0,19738,190000,211745,304176,86.2
2008,East of England,Terraced,0,0,19223,166000,182246,265754,86.2
2008,London,Detached,0,0,3312,539475,776815,863661,86.2
2008,London,Flat / Maisonette,0,0,44553,243000,308603,389026,86.2
2008,London,Semi-detached,0,0,11650,312000,407743,499490,86.2
2008,London,Terraced,0,0,22635,264000,382890,422645,86.2
2008,North East,Detached,0,0,4609,213000,251745,340998,86.2
2008,North East,Flat / Maisonette,0,0,4817,100400,115177,160733,86.2
2008,North East,Semi-detached,0,0,9144,127975,139277,204879,86.2
2008,North East,Terraced,0,0,11837,95000,112150,152088,86.2
2008,North West,Detached,0,0,11988,240472,292325,384979,86.2
2008,North West,Flat / Maisonette,0,0,12598,120000,131789,192111,86.2
2008,North West,Semi-detached,0,0,24540,143000,157586,228933,86.2
2008,North West,Terraced,0,0,30517,100000,113347,160093,86.2
2008,South East,Detached,0,0,26227,360000,456509,576334,86.2
2008,South East,Flat / Maisonette,0,0,27897,159950,173197,256068,86.2
2008,South East,Semi-detached,0,0,27485,228000,247347,365012,86.2
2008,South East,Terraced,0,0,28276,187000,205573,299374,86.2
2008,South West,Detached,0,0,18179,280000,334654,448260,86.2
2008,South West,Flat / Maisonette,0,0,14956,139950,160759,224050,86.2
2008,South West,Semi-detached,0,0,14962,185000,204964,296172,86.2
2008,South West,Terraced,0,0,20037,160950,179417,257669,86.2
2008,Wales,Detached,0,0,8049,210000,233737,336195,86.2
2008,Wales,Flat / Maisonette,0,0,3762,120000,130720,192111,86.2
2008,Wales,Semi-detached,0,0,9057,135000,144201,216125,86.2
2008,Wales,Terraced,0,0,10577,105000,114515,168097,86.2
2008,West Midlands,Detached,0,0,12083,248950,291191,398551,86.2
2008,West Midlands,Flat / Maisonette,0,0,8846,115000,123687,184107,86.2
2008,West Midlands,Semi-detached,0,0,18927,145000,157573,232135,86.2
2008,West Midlands,Terraced,0,0,18309,120000,129692,192111,86.2
2008,Yorkshire and The Humber,Detached,0,0,11449,230000,267805,368213,86.2
2008,Yorkshire and The Humber,Flat / Maisonette,0,0,8551,119950,128161,192031,86.2
2008,Yorkshire and The Humber,Semi-detached,0,0,20456,135000,146719,216125,86.2
2008,Yorkshire and The Humber,Terraced,0,0,22425,105000,117631,168097,86.2
2008,East Midlands,All types,0,1,54654,138000,162872,220928,86.2
2008,East of England,All types,0,1,71594,186000,226035,297773,86.2
2008,London,All types,0,1,82150,259000,362007,414640,86.2
2008,North East,All types,0,1,30407,120000,141947,192111,86.2
2008,North West,All types,0,1,79643,129950,156835,208041,86.2
2008,South East,All types,0,1,109885,215000,267695,344200,86.2
2008,South West,All types,0,1,68134,185000,222351,296172,86.2
2008,Wales,All types,0,1,31445,135000,155521,216125,86.2
2008,West Midlands,All types,0,1,58165,142000,171400,227332,86.2
2008,Yorkshire and The Humber,All types,0,1,62881,130000,155869,208121,86.2
2008,All regions,Detached,1,0,131157,264000,336644,422645,86.2
2008,All regions,Flat / Maisonette,1,0,145326,156500,197082,250545,86.2
2008,All regions,Semi-detached,1,0,174479,165000,193994,264153,86.2
2008,All regions,Terraced,1,0,198514,140000,173025,224130,86.2
2008,All regions,All types,1,1,649476,170000,217083,272158,86.2
2009,East Midlands,Detached,0,0,18361,191500,222863,300648,87.9
2009,East Midlands,Flat / Maisonette,0,0,3672,95000,106576,149147,87.9
2009,East Midlands,Semi-detached,0,0,17774,125000,133461,196246,87.9
2009,East Midlands,Terraced,0,0,12357,105000,112128,164846,87.9
2009,East of England,Detached,0,0,22683,249995,309757,392484,87.9
2009,East of England,Flat / Maisonette,0,0,11432,130000,142377,204096,87.9
2009,East of England,Semi-detached,0,0,22209,174950,196846,274666,87.9
2009,East of England,Terraced,0,0,20003,155000,169406,243345,87.9
2009,London,Detached,0,0,3656,491000,683234,770853,87.9
2009,London,Flat / Maisonette,0,0,37860,240000,309822,376792,87.9
2009,London,Semi-detached,0,0,12248,295000,385361,463140,87.9
2009,London,Terraced,0,0,22398,250000,387796,392491,87.9
2009,North East,Detached,0,0,4529,195000,228778,306143,87.9
2009,North East,Flat / Maisonette,0,0,2971,99500,108978,156212,87.9
2009,North East,Semi-detached,0,0,8300,123500,133349,193891,87.9
2009,North East,Terraced,0,0,8567,95000,110244,149147,87.9
2009,North West,Detached,0,0,12292,226000,270957,354812,87.9
2009,North West,Flat / Maisonette,0,0,8749,110000,123710,172696,87.9
2009,North West,Semi-detached,0,0,23710,137702,150640,216187,87.9
2009,North West,Terraced,0,0,22698,95000,107931,149147,87.9
2009,South East,Detached,0,0,31656,330000,410708,518089,87.9
2009,South East,Flat / Maisonette,0,0,23928,146000,159358,229215,87.9
2009,South East,Semi-detached,0,0,31646,209325,228487,328633,87.9
2009,South East,Terraced,0,0,29931,173500,191334,272389,87.9
2009,South West,Detached,0,0,22517,250000,304149,392491,87.9
2009,South West,Flat / Maisonette,0,0,13130,133700,152881,209904,87.9
2009,South West,Semi-detached,0,0,18110,170000,188196,266894,87.9
2009,South West,Terraced,0,0,21908,150000,168254,235495,87.9
2009,Wales,Detached,0,0,8491,195000,220867,306143,87.9
2009,Wales,Flat / Maisonette,0,0,3074,114000,126343,178976,87.9
2009,Wales,Semi-detached,0,0,8632,130000,138498,204096,87.9
2009,Wales,Terraced,0,0,8923,100000,108460,156997,87.9
2009,West Midlands,Detached,0,0,13100,233000,266456,365802,87.9
2009,West Midlands,Flat / Maisonette,0,0,6133,105000,114756,164846,87.9
2009,West Midlands,Semi-detached,0,0,17806,139995,149999,219787,87.9
2009,West Midlands,Terraced,0,0,15373,116000,124283,182116,87.9
2009,Yorkshire and The Humber,Detached,0,0,11664,215000,250786,337543,87.9
2009,Yorkshire and The Humber,Flat / Maisonette,0,0,5859,108500,119585,170341,87.9
2009,Yorkshire and The Humber,Semi-detached,0,0,19022,130000,140909,204096,87.9
2009,Yorkshire and The Humber,Terraced,0,0,17440,100000,113920,156997,87.9
2009,East Midlands,All types,0,1,52164,135000,157983,211945,87.9
2009,East of England,All types,0,1,76327,175000,215052,274744,87.9
2009,London,All types,0,1,76162,250000,362825,392491,87.9
2009,North East,All types,0,1,24367,120000,139991,188396,87.9
2009,North West,All types,0,1,67449,130000,154701,204096,87.9
2009,South East,All types,0,1,117161,203000,254112,318703,87.9
2009,South West,All types,0,1,75665,175000,210800,274744,87.9
2009,Wales,All types,0,1,29120,132500,152029,208020,87.9
2009,West Midlands,All types,0,1,52412,142000,167440,222935,87.9
2009,Yorkshire and The Humber,All types,0,1,53985,130000,153616,204096,87.9
2009,All regions,Detached,1,0,149099,249000,309667,390922,87.9
2009,All regions,Flat / Maisonette,1,0,116926,150000,194924,235495,87.9
2009,All regions,Semi-detached,1,0,179503,159950,185723,251116,87.9
2009,All regions,Terraced,1,0,179656,140000,173341,219795,87.9
2009,All regions,All types,1,1,625184,168950,213445,265246,87.9
2010,East Midlands,Detached,0,0,19192,205000,236368,313984,90.1
2010,East Midlands,Flat / Maisonette,0,0,3437,92000,103705,140910,90.1
2010,East Midlands,Semi-detached,0,0,18346,125000,137383,191454,90.1
2010,East Midlands,Terraced,0,0,13105,106500,114708,163119,90.1
2010,East of England,Detached,0,0,24471,280000,347173,428857,90.1
2010,East of England,Flat / Maisonette,0,0,11931,134995,149066,206763,90.1
2010,East of England,Semi-detached,0,0,22916,190000,216282,291010,90.1
2010,East of England,Terraced,0,0,20573,165000,183454,252719,90.1
2010,London,Detached,0,0,4625,530000,791030,811765,90.1
2010,London,Flat / Maisonette,0,0,47311,250000,340076,382908,90.1
2010,London,Semi-detached,0,0,14676,325000,433563,497780,90.1
2010,London,Terraced,0,0,26161,290000,449796,444173,90.1
2010,North East,Detached,0,0,4768,210000,240955,321643,90.1
2010,North East,Flat / Maisonette,0,0,2832,95000,107439,145505,90.1
2010,North East,Semi-detached,0,0,8721,124950,136430,191377,90.1
2010,North East,Terraced,0,0,9345,95000,112666,145505,90.1
2010,North West,Detached,0,0,13341,237000,284921,362997,90.1
2010,North West,Flat / Maisonette,0,0,8546,106000,121758,162353,90.1
2010,North West,Semi-detached,0,0,24332,140000,156501,214428,90.1
2010,North West,Terraced,0,0,24792,95000,108824,145505,90.1
2010,South East,Detached,0,0,34605,370000,456600,566704,90.1
2010,South East,Flat / Maisonette,0,0,23659,154950,172039,237326,90.1
2010,South East,Semi-detached,0,0,32553,230000,254727,352275,90.1
2010,South East,Terraced,0,0,30745,189000,210112,289478,90.1
2010,South West,Detached,0,0,23331,277500,328311,425028,90.1
2010,South West,Flat / Maisonette,0,0,12957,135000,160689,206770,90.1
2010,South West,Semi-detached,0,0,18088,183000,205500,280289,90.1
2010,South West,Terraced,0,0,22079,162000,182400,248124,90.1
2010,Wales,Detached,0,0,9118,205000,225525,313984,90.1
2010,Wales,Flat / Maisonette,0,0,2576,110000,124455,168479,90.1
2010,Wales,Semi-detached,0,0,9225,130000,141673,199112,90.1
2010,Wales,Terraced,0,0,9996,100000,111145,153163,90.1
2010,West Midlands,Detached,0,0,14369,245000,287674,375250,90.1
2010,West Midlands,Flat / Maisonette,0,0,6442,104000,114832,159290,90.1
2010,West Midlands,Semi-detached,0,0,18540,142500,157008,218257,90.1
2010,West Midlands,Terraced,0,0,16102,119000,129411,182264,90.1
2010,Yorkshire and The Humber,Detached,0,0,12502,228500,263226,349978,90.1
2010,Yorkshire and The Humber,Flat / Maisonette,0,0,5147,109950,121937,168403,90.1
2010,Yorkshire and The Humber,Semi-detached,0,0,19223,130000,145505,199112,90.1
2010,Yorkshire and The Humber,Terraced,0,0,18107,105000,119029,160821,90.1
2010,East Midlands,All types,0,1,54080,139000,164876,212897,90.1
2010,East of England,All types,0,1,79891,195000,237882,298668,90.1
2010,London,All types,0,1,92773,287500,408286,440344,90.1
2010,North East,All types,0,1,25666,122000,143996,186859,90.1
2010,North West,All types,0,1,71011,130000,159801,199112,90.1
2010,South East,All types,0,1,121562,229000,284817,350744,90.1
2010,South West,All types,0,1,76455,190000,228712,291010,90.1
2010,Wales,All types,0,1,30915,135000,155099,206770,90.1
2010,West Midlands,All types,0,1,55453,147000,177953,225150,90.1
2010,Yorkshire and The Humber,All types,0,1,54979,135000,161348,206770,90.1
2010,All regions,Detached,1,0,160464,268000,340470,410477,90.1
2010,All regions,Flat / Maisonette,1,0,124970,165000,219599,252719,90.1
2010,All regions,Semi-detached,1,0,186658,168000,202882,257314,90.1
2010,All regions,Terraced,1,0,191048,148000,191828,226681,90.1
2010,All regions,All types,1,1,663140,182000,236141,278757,90.1
2011,East Midlands,Detached,0,0,19108,199950,229583,294798,93.6
2011,East Midlands,Flat / Maisonette,0,0,2993,90250,103478,133061,93.6
2011,East Midlands,Semi-detached,0,0,18393,125000,134539,184295,93.6
2011,East Midlands,Terraced,0,0,13492,105000,112888,154808,93.6
2011,East of England,Detached,0,0,24168,265500,335820,391442,93.6
2011,East of England,Flat / Maisonette,0,0,11633,135000,150035,199038,93.6
2011,East of England,Semi-detached,0,0,23040,186500,213526,274968,93.6
2011,East of England,Terraced,0,0,21623,165000,181812,243269,93.6
2011,London,Detached,0,0,4642,547500,770566,807212,93.6
2011,London,Flat / Maisonette,0,0,45759,260000,355098,383333,93.6
2011,London,Semi-detached,0,0,14394,330000,444306,486538,93.6
2011,London,Terraced,0,0,25990,291000,463143,429038,93.6
2011,North East,Detached,0,0,4784,200000,232056,294872,93.6
2011,North East,Flat / Maisonette,0,0,2928,89995,102148,132685,93.6
2011,North East,Semi-detached,0,0,9405,120000,130107,176923,93.6
2011,North East,Terraced,0,0,9710,90000,106810,132692,93.6
2011,North West,Detached,0,0,13416,230000,274541,339103,93.6
2011,North West,Flat / Maisonette,0,0,8067,102500,117427,151122,93.6
2011,North West,Semi-detached,0,0,25188,135000,151284,199038,93.6
2011,North West,Terraced,0,0,24832,91000,105931,134167,93.6
2011,South East,Detached,0,0,33014,362000,454495,533718,93.6
2011,South East,Flat / Maisonette,0,0,23711,150000,169316,221154,93.6
2011,South East,Semi-detached,0,0,32058,228000,253312,336154,93.6
2011,South East,Terraced,0,0,31423,185000,208353,272756,93.6
2011,South West,Detached,0,0,22261,272000,326134,401026,93.6
2011,South West,Flat / Maisonette,0,0,12552,134000,158372,197564,93.6
2011,South West,Semi-detached,0,0,18156,177500,199499,261699,93.6
2011,South West,Terraced,0,0,21693,156000,177560,230000,93.6
2011,Wales,Detached,0,0,9040,198000,222234,291923,93.6
2011,Wales,Flat / Maisonette,0,0,2415,108000,121695,159231,93.6
2011,Wales,Semi-detached,0,0,9119,125000,137974,184295,93.6
2011,Wales,Terraced,0,0,10091,100000,109872,147436,93.6
2011,West Midlands,Detached,0,0,14227,240000,277504,353846,93.6
2011,West Midlands,Flat / Maisonette,0,0,6026,100000,112856,147436,93.6
2011,West Midlands,Semi-detached,0,0,19338,139000,151407,204936,93.6
2011,West Midlands,Terraced,0,0,16497,117000,126114,172500,93.6
2011,Yorkshire and The Humber,Detached,0,0,12409,218000,252657,321410,93.6
2011,Yorkshire and The Humber,Flat / Maisonette,0,0,5026,105450,120172,155471,93.6
2011,Yorkshire and The Humber,Semi-detached,0,0,19771,127500,141317,187981,93.6
2011,Yorkshire and The Humber,Terraced,0,0,18273,100000,114421,147436,93.6
2011,East Midlands,All types,0,1,53986,136000,161046,200513,93.6
2011,East of England,All types,0,1,80464,189995,232556,280121,93.6
2011,London,All types,0,1,90785,293000,421417,431987,93.6
2011,North East,All types,0,1,26827,117500,136803,173237,93.6
2011,North West,All types,0,1,71503,127000,154840,187244,93.6
2011,South East,All types,0,1,120206,223000,280245,328782,93.6
2011,South West,All types,0,1,74662,185000,223967,272756,93.6
2011,Wales,All types,0,1,30665,130500,152284,192404,93.6
2011,West Midlands,All types,0,1,56088,142500,171811,210096,93.6
2011,Yorkshire and The Humber,All types,0,1,55479,130000,155446,191667,93.6
2011,All regions,Detached,1,0,157185,250000,332507,368590,93.6
2011,All regions,Flat / Maisonette,1,0,121185,163000,224054,240321,93.6
2011,All regions,Semi-detached,1,0,188912,162500,198804,239583,93.6
2011,All regions,Terraced,1,0,193668,145000,190245,213782,93.6
2011,All regions,All types,1,1,660950,176000,232723,259487,93.6
2012,East Midlands,Detached,0,0,19795,199999,229687,287499,96.0
2012,East Midlands,Flat / Maisonette,0,0,3144,90000,101374,129375,96.0
2012,East Midlands,Semi-detached,0,0,17767,125000,134524,179688,96.0
2012,East Midlands,Terraced,0,0,14034,109000,117447,156688,96.0
2012,East of England,Detached,0,0,23996,270000,336471,388125,96.0
2012,East of England,Flat / Maisonette,0,0,11652,135000,151430,194062,96.0
2012,East of England,Semi-detached,0,0,22322,190000,219530,273125,96.0
2012,East of England,Terraced,0,0,22763,169995,189297,244368,96.0
2012,London,Detached,0,0,4514,546250,759950,785234,96.0
2012,London,Flat / Maisonette,0,0,49428,270000,373539,388125,96.0
2012,London,Semi-detached,0,0,14027,340000,461767,488750,96.0
2012,London,Terraced,0,0,26442,307500,490026,442031,96.0
2012,North East,Detached,0,0,5175,199995,228435,287493,96.0
2012,North East,Flat / Maisonette,0,0,2671,85950,98127,123553,96.0
2012,North East,Semi-detached,0,0,9026,120000,131420,172500,96.0
2012,North East,Terraced,0,0,9234,90000,108303,129375,96.0
2012,North West,Detached,0,0,14117,225000,265273,323438,96.0
2012,North West,Flat / Maisonette,0,0,7404,100000,115105,143750,96.0
2012,North West,Semi-detached,0,0,24525,135000,151397,194062,96.0
2012,North West,Terraced,0,0,23791,93000,108097,133688,96.0
2012,South East,Detached,0,0,34359,362000,453560,520375,96.0
2012,South East,Flat / Maisonette,0,0,23726,153000,172221,219938,96.0
2012,South East,Semi-detached,0,0,30939,234500,258938,337094,96.0
2012,South East,Terraced,0,0,33858,190000,215455,273125,96.0
2012,South West,Detached,0,0,23129,270000,321613,388125,96.0
2012,South West,Flat / Maisonette,0,0,12371,132000,157686,189750,96.0
2012,South West,Semi-detached,0,0,17881,180000,202981,258750,96.0
2012,South West,Terraced,0,0,22767,159000,180651,228562,96.0
2012,Wales,Detached,0,0,9386,196748,219874,282825,96.0
2012,Wales,Flat / Maisonette,0,0,2396,107000,120741,153812,96.0
2012,Wales,Semi-detached,0,0,8895,125000,137632,179688,96.0
2012,Wales,Terraced,0,0,9969,100000,111368,143750,96.0
2012,West Midlands,Detached,0,0,15256,235500,271360,338531,96.0
2012,West Midlands,Flat / Maisonette,0,0,5921,100000,110778,143750,96.0
2012,West Midlands,Semi-detached,0,0,19240,140000,152626,201250,96.0
2012,West Midlands,Terraced,0,0,16287,118000,128619,169625,96.0
2012,Yorkshire and The Humber,Detached,0,0,13193,218000,251018,313375,96.0
2012,Yorkshire and The Humber,Flat / Maisonette,0,0,4843,102500,115145,147344,96.0
2012,Yorkshire and The Humber,Semi-detached,0,0,19775,125000,141699,179688,96.0
2012,Yorkshire and The Humber,Terraced,0,0,18283,104000,116886,149500,96.0
2012,East Midlands,All types,0,1,54740,138000,162655,198375,96.0
2012,East of England,All types,0,1,80733,193000,235935,277438,96.0
2012,London,All types,0,1,94411,300000,437747,431250,96.0
2012,North East,All types,0,1,26106,120000,139069,172500,96.0
2012,North West,All types,0,1,69837,130000,155818,186875,96.0
2012,South East,All types,0,1,122882,229250,284632,329547,96.0
2012,South West,All types,0,1,76148,187500,224979,269531,96.0
2012,Wales,All types,0,1,30646,133000,152956,191188,96.0
2012,West Midlands,All types,0,1,56704,145000,173306,208438,96.0
2012,Yorkshire and The Humber,All types,0,1,56094,130000,157030,186875,96.0
2012,All regions,Detached,1,0,163005,250000,328495,359375,96.0
2012,All regions,Flat / Maisonette,1,0,123638,168500,236401,242219,96.0
2012,All regions,Semi-detached,1,0,184431,165000,202123,237188,96.0
2012,All regions,Terraced,1,0,197459,150000,198736,215625,96.0
2012,All regions,All types,1,1,668533,180000,238275,258750,96.0
2013,East Midlands,Detached,0,0,24193,204000,232373,286680,98.2
2013,East Midlands,Flat / Maisonette,0,0,3685,92000,101064,129287,98.2
2013,East Midlands,Semi-detached,0,0,20926,127000,138475,178473,98.2
2013,East Midlands,Terraced,0,0,16553,111000,120808,155988,98.2
2013,East of England,Detached,0,0,28603,276000,345852,387862,98.2
2013,East of England,Flat / Maisonette,0,0,14538,140000,161458,196741,98.2
2013,East of England,Semi-detached,0,0,25573,198500,227595,278951,98.2
2013,East of England,Terraced,0,0,26888,174000,195321,244521,98.2
2013,London,Detached,0,0,5405,569995,821067,801011,98.2
2013,London,Flat / Maisonette,0,0,60240,292402,406170,410912,98.2
2013,London,Semi-detached,0,0,15799,363000,494312,510122,98.2
2013,London,Terraced,0,0,29877,325000,536727,456721,98.2
2013,North East,Detached,0,0,6308,200000,230090,281059,98.2
2013,North East,Flat / Maisonette,0,0,3148,87000,98114,122261,98.2
2013,North East,Semi-detached,0,0,10294,123000,132043,172851,98.2
2013,North East,Terraced,0,0,10293,92500,109322,129990,98.2
2013,North West,Detached,0,0,17488,230000,270451,323218,98.2
2013,North West,Flat / Maisonette,0,0,9404,100000,115434,140530,98.2
2013,North West,Semi-detached,0,0,29479,137500,153819,193228,98.2
2013,North West,Terraced,0,0,28111,95000,109823,133503,98.2
2013,South East,Detached,0,0,39465,375000,468099,526986,98.2
2013,South East,Flat / Maisonette,0,0,29236,158000,176017,222037,98.2
2013,South East,Semi-detached,0,0,35759,243000,270751,341487,98.2
2013,South East,Terraced,0,0,40331,200000,224122,281059,98.2
2013,South West,Detached,0,0,26983,275000,327083,386456,98.2
2013,South West,Flat / Maisonette,0,0,14958,135972,160358,191082,98.2
2013,South West,Semi-detached,0,0,20856,184995,206975,259973,98.2
2013,South West,Terraced,0,0,27107,161000,183498,226253,98.2
2013,Wales,Detached,0,0,11240,200000,221998,281059,98.2
2013,Wales,Flat / Maisonette,0,0,2715,106000,116929,148961,98.2
2013,Wales,Semi-detached,0,0,10777,125000,138275,175662,98.2
2013,Wales,Terraced,0,0,11620,100000,113619,140530,98.2
2013,West Midlands,Detached,0,0,18315,240000,276248,337271,98.2
2013,West Midlands,Flat / Maisonette,0,0,7018,105000,115583,147556,98.2
2013,West Midlands,Semi-detached,0,0,22355,143000,156288,200957,98.2
2013,West Midlands,Terraced,0,0,19257,120000,132553,168635,98.2
2013,Yorkshire and The Humber,Detached,0,0,15905,220000,250625,309165,98.2
2013,Yorkshire and The Humber,Flat / Maisonette,0,0,5688,102000,116257,143340,98.2
2013,Yorkshire and The Humber,Semi-detached,0,0,23302,130000,144760,182688,98.2
2013,Yorkshire and The Humber,Terraced,0,0,21709,105000,119112,147556,98.2
2013,East Midlands,All types,0,1,65357,141500,166649,198849,98.2
2013,East of England,All types,0,1,95602,200000,243842,281059,98.2
2013,London,All types,0,1,111321,323500,473863,454613,98.2
2013,North East,All types,0,1,30043,122500,141290,172149,98.2
2013,North West,All types,0,1,84482,132000,159050,185499,98.2
2013,South East,All types,0,1,144791,235000,292425,330244,98.2
2013,South West,All types,0,1,89904,190000,228189,267006,98.2
2013,Wales,All types,0,1,36352,135000,154686,189715,98.2
2013,West Midlands,All types,0,1,66945,149995,178012,210787,98.2
2013,Yorkshire and The Humber,All types,0,1,66604,134950,159247,189645,98.2
2013,All regions,Detached,1,0,194002,260000,335077,365377,98.2
2013,All regions,Flat / Maisonette,1,0,150721,175000,251756,245927,98.2
2013,All regions,Semi-detached,1,0,215145,167500,208154,235387,98.2
2013,All regions,Terraced,1,0,231771,152500,207001,214308,98.2
2013,All regions,All types,1,1,791639,185000,247222,259980,98.2
2014,East Midlands,Detached,0,0,28666,219950,247120,304750,99.6
2014,East Midlands,Flat / Maisonette,0,0,4949,97700,108729,135367,99.6
2014,East Midlands,Semi-detached,0,0,24251,136000,147444,188434,99.6
2014,East Midlands,Terraced,0,0,20339,119400,128295,165434,99.6
2014,East of England,Detached,0,0,33058,300000,371094,415663,99.6
2014,East of England,Flat / Maisonette,0,0,18828,150000,171219,207831,99.6
2014,East of England,Semi-detached,0,0,28838,216538,246088,300022,99.6
2014,East of England,Terraced,0,0,31645,185000,212610,256325,99.6
2014,London,Detached,0,0,5652,635000,907769,879819,99.6
2014,London,Flat / Maisonette,0,0,66579,330000,456397,457229,99.6
2014,London,Semi-detached,0,0,15529,415000,553303,575000,99.6
2014,London,Terraced,0,0,30862,375000,589568,519578,99.6
2014,North East,Detached,0,0,7822,209495,238646,290264,99.6
2014,North East,Flat / Maisonette,0,0,3895,90000,101319,124699,99.6
2014,North East,Semi-detached,0,0,11926,127000,138807,175964,99.6
2014,North East,Terraced,0,0,11728,95948,114028,132939,99.6
2014,North West,Detached,0,0,21366,236995,279321,328367,99.6
2014,North West,Flat / Maisonette,0,0,11909,108000,121279,149639,99.6
2014,North West,Semi-detached,0,0,34677,143250,161297,198479,99.6
2014,North West,Terraced,0,0,33511,100000,114975,138554,99.6
2014,South East,Detached,0,0,43662,407000,504487,563916,99.6
2014,South East,Flat / Maisonette,0,0,38291,169000,188749,234157,99.6
2014,South East,Semi-detached,0,0,38531,262500,296703,363705,99.6
2014,South East,Terraced,0,0,46369,220000,244616,304819,99.6
2014,South West,Detached,0,0,30899,295000,346091,408735,99.6
2014,South West,Flat / Maisonette,0,0,19293,142000,169065,196747,99.6
2014,South West,Semi-detached,0,0,23538,195000,219205,270181,99.6
2014,South West,Terraced,0,0,31648,171000,195505,236928,99.6
2014,Wales,Detached,0,0,12973,210000,231099,290964,99.6
2014,Wales,Flat / Maisonette,0,0,3728,114500,124945,158645,99.6
2014,Wales,Semi-detached,0,0,12130,130000,143870,180120,99.6
2014,Wales,Terraced,0,0,13495,106000,118944,146867,99.6
2014,West Midlands,Detached,0,0,21427,249995,293108,346379,99.6
2014,West Midlands,Flat / Maisonette,0,0,9011,110000,122867,152410,99.6
2014,West Midlands,Semi-detached,0,0,25952,150000,164919,207831,99.6
2014,West Midlands,Terraced,0,0,23178,125000,139712,173193,99.6
2014,Yorkshire and The Humber,Detached,0,0,18843,230000,261652,318675,99.6
2014,Yorkshire and The Humber,Flat / Maisonette,0,0,7288,105410,119541,146050,99.6
2014,Yorkshire and The Humber,Semi-detached,0,0,27141,135000,150043,187048,99.6
2014,Yorkshire and The Humber,Terraced,0,0,25620,111950,124924,155111,99.6
2014,East Midlands,All types,0,1,78205,150000,176550,207831,99.6
2014,East of England,All types,0,1,112369,215000,260891,297892,99.6
2014,London,All types,0,1,118622,365000,525237,505723,99.6
2014,North East,All types,0,1,35371,125995,148541,174571,99.6
2014,North West,All types,0,1,101463,138500,166154,191898,99.6
2014,South East,All types,0,1,166853,249950,311826,346316,99.6
2014,South West,All types,0,1,105378,200448,240113,277728,99.6
2014,Wales,All types,0,1,42326,140000,160992,193976,99.6
2014,West Midlands,All types,0,1,79568,156000,187334,216145,99.6
2014,Yorkshire and The Humber,All types,0,1,78892,139999,165725,193975,99.6
2014,All regions,Detached,1,0,224479,276000,353189,382410,99.6
2014,All regions,Flat / Maisonette,1,0,183884,180000,266277,249398,99.6
2014,All regions,Semi-detached,1,0,242539,175000,219385,242470,99.6
2014,All regions,Terraced,1,0,268442,160000,217209,221687,99.6
2014,All regions,All types,1,1,919344,195000,260800,270181,99.6
2015,East Midlands,Detached,0,0,29066,235000,264583,324300,100.0
2015,East Midlands,Flat / Maisonette,0,0,4994,105000,115239,144900,100.0
2015,East Midlands,Semi-detached,0,0,24117,145000,156292,200100,100.0
2015,East Midlands,Terraced,0,0,20451,123500,133514,170430,100.0
2015,East of England,Detached,0,0,32483,330000,400956,455400,100.0
2015,East of England,Flat / Maisonette,0,0,19012,160000,182267,220800,100.0
2015,East of England,Semi-detached,0,0,27334,240000,270775,331200,100.0
2015,East of England,Terraced,0,0,30809,210000,234490,289800,100.0
2015,London,Detached,0,0,5322,690000,928739,952200,100.0
2015,London,Flat / Maisonette,0,0,63336,365000,474894,503700,100.0
2015,London,Semi-detached,0,0,15105,457500,590675,631350,100.0
2015,London,Terraced,0,0,29664,420000,604378,579600,100.0
2015,North East,Detached,0,0,8367,215995,244963,298073,100.0
2015,North East,Flat / Maisonette,0,0,3820,92500,106635,127650,100.0
2015,North East,Semi-detached,0,0,12159,130000,142458,179400,100.0
2015,North East,Terraced,0,0,11819,96995,115425,133853,100.0
2015,North West,Detached,0,0,22799,247750,290473,341895,100.0
2015,North West,Flat / Maisonette,0,0,13270,115000,128094,158700,100.0
2015,North West,Semi-detached,0,0,35771,148500,166975,204930,100.0
2015,North West,Terraced,0,0,34807,105000,120040,144900,100.0
2015,South East,Detached,0,0,43098,430000,525282,593400,100.0
2015,South East,Flat / Maisonette,0,0,38258,180000,203326,248400,100.0
2015,South East,Semi-detached,0,0,37579,287000,319458,396060,100.0
2015,South East,Terraced,0,0,44635,240000,266008,331200,100.0
2015,South West,Detached,0,0,31606,313000,361392,431940,100.0
2015,South West,Flat / Maisonette,0,0,19653,149000,176603,205620,100.0
2015,South West,Semi-detached,0,0,23236,210000,230929,289800,100.0
2015,South West,Terraced,0,0,31358,182000,208191,251160,100.0
2015,Wales,Detached,0,0,13621,215000,237579,296700,100.0
2015,Wales,Flat / Maisonette,0,0,3583,115000,126360,158700,100.0
2015,Wales,Semi-detached,0,0,12386,135000,147465,186300,100.0
2015,Wales,Terraced,0,0,14019,109000,121467,150420,100.0
2015,West Midlands,Detached,0,0,22537,266000,306524,367080,100.0
2015,West Midlands,Flat / Maisonette,0,0,9045,115000,131427,158700,100.0
2015,West Midlands,Semi-detached,0,0,26443,156500,171891,215970,100.0
2015,West Midlands,Terraced,0,0,23466,130000,145811,179400,100.0
2015,Yorkshire and The Humber,Detached,0,0,19423,239950,273188,331131,100.0
2015,Yorkshire and The Humber,Flat / Maisonette,0,0,7431,110000,127321,151800,100.0
2015,Yorkshire and The Humber,Semi-detached,0,0,27026,139000,155462,191820,100.0
2015,Yorkshire and The Humber,Terraced,0,0,25652,115000,129640,158700,100.0
2015,East Midlands,All types,0,1,78628,160000,187791,220800,100.0
2015,East of England,All types,0,1,109638,238000,283800,328440,100.0
2015,London,All types,0,1,113427,400000,545470,552000,100.0
2015,North East,All types,0,1,36165,132500,153554,182850,100.0
2015,North West,All types,0,1,106647,145000,173220,200100,100.0
2015,South East,All types,0,1,163570,273933,331941,378028,100.0
2015,South West,All types,0,1,105853,216000,253061,298080,100.0
2015,Wales,All types,0,1,43609,144995,165520,200093,100.0
2015,West Midlands,All types,0,1,81491,164000,197124,226320,100.0
2015,Yorkshire and The Humber,All types,0,1,79532,145000,173254,200100,100.0
2015,All regions,Detached,1,0,228424,295000,367228,407100,100.0
2015,All regions,Flat / Maisonette,1,0,182532,192000,274471,264960,100.0
2015,All regions,Semi-detached,1,0,241182,182000,231147,251160,100.0
2015,All regions,Terraced,1,0,266713,167500,226030,231150,100.0
2015,All regions,All types,1,1,918851,208000,272098,287040,100.0
2016,East Midlands,Detached,0,0,30202,247000,275652,337485,101.0
2016,East Midlands,Flat / Maisonette,0,0,5767,112000,124364,153030,101.0
2016,East Midlands,Semi-detached,0,0,25556,154000,164937,210416,101.0
2016,East Midlands,Terraced,0,0,20722,130000,141795,177624,101.0
2016,East of England,Detached,0,0,31518,355000,428215,485050,101.0
2016,East of England,Flat / Maisonette,0,0,19962,177000,199574,241842,101.0
2016,East of England,Semi-detached,0,0,27251,264000,294868,360713,101.0
2016,East of England,Terraced,0,0,29296,235000,255314,321089,101.0
2016,London,Detached,0,0,4505,750000,1001816,1024752,101.0
2016,London,Flat / Maisonette,0,0,60263,400000,518144,546535,101.0
2016,London,Semi-detached,0,0,13018,502500,632243,686584,101.0
2016,London,Terraced,0,0,25529,460000,649466,628515,101.0
2016,North East,Detached,0,0,8505,220000,251736,300594,101.0
2016,North East,Flat / Maisonette,0,0,3949,93000,109736,127069,101.0
2016,North East,Semi-detached,0,0,12502,132950,145389,181654,101.0
2016,North East,Terraced,0,0,12151,98000,116957,133901,101.0
2016,North West,Detached,0,0,24185,257000,302957,351149,101.0
2016,North West,Flat / Maisonette,0,0,14660,122500,135623,167376,101.0
2016,North West,Semi-detached,0,0,37554,153500,173063,209733,101.0
2016,North West,Terraced,0,0,36049,106000,122989,144832,101.0
2016,South East,Detached,0,0,40487,469000,558501,640812,101.0
2016,South East,Flat / Maisonette,0,0,38871,200000,220523,273267,101.0
2016,South East,Semi-detached,0,0,36983,317500,346584,433812,101.0
2016,South East,Terraced,0,0,41702,265000,289786,362079,101.0
2016,South West,Detached,0,0,31462,330000,379111,450891,101.0
2016,South West,Flat / Maisonette,0,0,20771,156000,186318,213149,101.0
2016,South West,Semi-detached,0,0,24214,225000,246045,307426,101.0
2016,South West,Terraced,0,0,31168,193000,219911,263703,101.0
2016,Wales,Detached,0,0,14354,223000,247632,304693,101.0
2016,Wales,Flat / Maisonette,0,0,3856,118000,128713,161228,101.0
2016,Wales,Semi-detached,0,0,13114,140000,153641,191287,101.0
2016,Wales,Terraced,0,0,14358,110000,124378,150297,101.0
2016,West Midlands,Detached,0,0,23330,280000,320254,382574,101.0
2016,West Midlands,Flat / Maisonette,0,0,10263,120000,136258,163960,101.0
2016,West Midlands,Semi-detached,0,0,27845,164995,180718,225439,101.0
2016,West Midlands,Terraced,0,0,23960,135500,152209,185139,101.0
2016,Yorkshire and The Humber,Detached,0,0,20313,249950,282968,341516,101.0
2016,Yorkshire and The Humber,Flat / Maisonette,0,0,8410,114972,133781,157091,101.0
2016,Yorkshire and The Humber,Semi-detached,0,0,28191,144995,161473,198112,101.0
2016,Yorkshire and The Humber,Terraced,0,0,25344,118000,133188,161228,101.0
2016,East Midlands,All types,0,1,82247,168450,196917,230159,101.0
2016,East of England,All types,0,1,108027,258000,305437,352515,101.0
2016,London,All types,0,1,103315,442000,586060,603921,101.0
2016,North East,All types,0,1,37107,134950,156659,184387,101.0
2016,North West,All types,0,1,112448,150000,180066,204950,101.0
2016,South East,All types,0,1,158043,295500,354880,403752,101.0
2016,South West,All types,0,1,107615,229950,265851,314189,101.0
2016,Wales,All types,0,1,45682,149000,171873,203584,101.0
2016,West Midlands,All types,0,1,85398,170000,205496,232277,101.0
2016,Yorkshire and The Humber,All types,0,1,82258,150000,179929,204950,101.0
2016,All regions,Detached,1,0,228953,308000,380679,420832,101.0
2016,All regions,Flat / Maisonette,1,0,186862,205000,288098,280099,101.0
2016,All regions,Semi-detached,1,0,246249,190000,240315,259604,101.0
2016,All regions,Terraced,1,0,260307,173000,232832,236376,101.0
2016,All regions,All types,1,1,922371,219950,282725,300526,101.0
2017,East Midlands,Detached,0,0,29843,264000,291215,351660,103.6
2017,East Midlands,Flat / Maisonette,0,0,5354,114950,126750,153119,103.6
2017,East Midlands,Semi-detached,0,0,26276,164995,174983,219781,103.6
2017,East Midlands,Terraced,0,0,19245,137500,149345,183156,103.6
2017,East of England,Detached,0,0,31214,379995,447954,506171,103.6
2017,East of England,Flat / Maisonette,0,0,17387,189995,212146,253082,103.6
2017,East of England,Semi-detached,0,0,27759,280000,312793,372973,103.6
2017,East of England,Terraced,0,0,26520,249000,269375,331680,103.6
2017,London,Detached,0,0,4095,780000,1042373,1038996,103.6
2017,London,Flat / Maisonette,0,0,52714,422000,555913,562124,103.6
2017,London,Semi-detached,0,0,12849,525000,659204,699324,103.6
2017,London,Terraced,0,0,23726,485000,669657,646042,103.6
2017,North East,Detached,0,0,9401,229950,260341,306304,103.6
2017,North East,Flat / Maisonette,0,0,3928,92500,108349,123214,103.6
2017,North East,Semi-detached,0,0,13397,134950,146678,179760,103.6
2017,North East,Terraced,0,0,12307,97845,115678,130334,103.6
2017,North West,Detached,0,0,25251,267500,316836,356322,103.6
2017,North West,Flat / Maisonette,0,0,13964,124950,143885,166439,103.6
2017,North West,Semi-detached,0,0,39597,160000,180553,213127,103.6
2017,North West,Terraced,0,0,35838,110000,126974,146525,103.6
2017,South East,Detached,0,0,40421,487000,581645,648707,103.6
2017,South East,Flat / Maisonette,0,0,34611,210000,230356,279730,103.6
2017,South East,Semi-detached,0,0,37930,330000,358934,439575,103.6
2017,South East,Terraced,0,0,38647,275000,300177,366313,103.6
2017,South West,Detached,0,0,31453,350000,401686,466216,103.6
2017,South West,Flat / Maisonette,0,0,19300,164000,195874,218456,103.6
2017,South West,Semi-detached,0,0,24655,235000,258733,313031,103.6
2017,South West,Terraced,0,0,29598,205000,228745,273069,103.6
2017,Wales,Detached,0,0,15017,230000,255768,306371,103.6
2017,Wales,Flat / Maisonette,0,0,3955,120000,133714,159846,103.6
2017,Wales,Semi-detached,0,0,14069,145000,159428,193147,103.6
2017,Wales,Terraced,0,0,15056,112000,126086,149189,103.6
2017,West Midlands,Detached,0,0,23692,294850,336954,392754,103.6
2017,West Midlands,Flat / Maisonette,0,0,9798,125000,144035,166506,103.6
2017,West Midlands,Semi-detached,0,0,28869,173000,191104,230444,103.6
2017,West Midlands,Terraced,0,0,23651,145000,159570,193147,103.6
2017,Yorkshire and The Humber,Detached,0,0,21196,255000,295513,339672,103.6
2017,Yorkshire and The Humber,Flat / Maisonette,0,0,8455,119950,137675,159779,103.6
2017,Yorkshire and The Humber,Semi-detached,0,0,29780,149950,166788,199740,103.6
2017,Yorkshire and The Humber,Terraced,0,0,25839,120000,136429,159846,103.6
2017,East Midlands,All types,0,1,80718,180000,208644,239768,103.6
2017,East of England,All types,0,1,102880,278000,325599,370309,103.6
2017,London,All types,0,1,93384,465000,620356,619402,103.6
2017,North East,All types,0,1,39033,136000,160422,181158,103.6
2017,North West,All types,0,1,114650,157000,189354,209131,103.6
2017,South East,All types,0,1,151609,315000,373981,419595,103.6
2017,South West,All types,0,1,105006,242500,281546,323021,103.6
2017,Wales,All types,0,1,48097,152000,176956,202471,103.6
2017,West Midlands,All types,0,1,86010,180000,217246,239768,103.6
2017,Yorkshire and The Humber,All types,0,1,85270,155000,186699,206467,103.6
2017,All regions,Detached,1,0,231661,324000,395659,431583,103.6
2017,All regions,Flat / Maisonette,1,0,169539,210000,300722,279730,103.6
2017,All regions,Semi-detached,1,0,255195,200000,249177,266409,103.6
2017,All regions,Terraced,1,0,250452,177950,237394,237038,103.6
2017,All regions,All types,1,1,906847,228500,292979,304373,103.6
2018,East Midlands,Detached,0,0,29364,275000,305423,358019,106.0
2018,East Midlands,Flat / Maisonette,0,0,5003,120000,132361,156226,106.0
2018,East Midlands,Semi-detached,0,0,26031,173000,184473,225226,106.0
2018,East Midlands,Terraced,0,0,18775,144950,155061,188708,106.0
2018,East of England,Detached,0,0,29697,390000,460230,507736,106.0
2018,East of England,Flat / Maisonette,0,0,16199,195000,216776,253868,106.0
2018,East of England,Semi-detached,0,0,27089,290000,319918,377547,106.0
2018,East of England,Terraced,0,0,25148,252000,273647,328075,106.0
2018,London,Detached,0,0,3993,773000,1064990,1006358,106.0
2018,London,Flat / Maisonette,0,0,48436,425000,551096,553302,106.0
2018,London,Semi-detached,0,0,12241,530000,656282,690000,106.0
2018,London,Terraced,0,0,22815,487500,674643,634670,106.0
2018,North East,Detached,0,0,9401,235000,265183,305943,106.0
2018,North East,Flat / Maisonette,0,0,3651,99000,113498,128887,106.0
2018,North East,Semi-detached,0,0,13053,136000,148533,177057,106.0
2018,North East,Terraced,0,0,12221,100000,119595,130189,106.0
2018,North West,Detached,0,0,24573,275000,324366,358019,106.0
2018,North West,Flat / Maisonette,0,0,13749,124000,142250,161434,106.0
2018,North West,Semi-detached,0,0,39126,165000,186889,214811,106.0
2018,North West,Terraced,0,0,35278,115000,131841,149717,106.0
2018,South East,Detached,0,0,38842,495000,588638,644434,106.0
2018,South East,Flat / Maisonette,0,0,31865,212500,232217,276651,106.0
2018,South East,Semi-detached,0,0,36794,335000,364829,436132,106.0
2018,South East,Terraced,0,0,35951,280000,305931,364528,106.0
2018,South West,Detached,0,0,29889,360000,413842,468679,106.0
2018,South West,Flat / Maisonette,0,0,17805,169000,199885,220019,106.0
2018,South West,Semi-detached,0,0,24090,245000,267590,318962,106.0
2018,South West,Terraced,0,0,27969,210500,235857,274047,106.0
2018,Wales,Detached,0,0,14684,240000,266852,312453,106.0
2018,Wales,Flat / Maisonette,0,0,3774,122500,137485,159481,106.0
2018,Wales,Semi-detached,0,0,13876,150000,164584,195283,106.0
2018,Wales,Terraced,0,0,15249,117500,131220,152972,106.0
2018,West Midlands,Detached,0,0,23469,309995,351448,403578,106.0
2018,West Midlands,Flat / Maisonette,0,0,10205,132000,151665,171849,106.0
2018,West Midlands,Semi-detached,0,0,28983,182000,200657,236943,106.0
2018,West Midlands,Terraced,0,0,22303,150000,166670,195283,106.0
2018,Yorkshire and The Humber,Detached,0,0,20848,267000,303251,347604,106.0
2018,Yorkshire and The Humber,Flat / Maisonette,0,0,7669,120000,138342,156226,106.0
2018,Yorkshire and The Humber,Semi-detached,0,0,29922,155000,172650,201792,106.0
2018,Yorkshire and The Humber,Terraced,0,0,25341,123000,139630,160132,106.0
2018,East Midlands,All types,0,1,79173,189950,219064,247293,106.0
2018,East of England,All types,0,1,98133,285000,333496,371038,106.0
2018,London,All types,0,1,87485,467500,621489,608632,106.0
2018,North East,All types,0,1,38326,140000,164581,182264,106.0
2018,North West,All types,0,1,112726,161000,194186,209604,106.0
2018,South East,All types,0,1,143452,320000,381211,416604,106.0
2018,South West,All types,0,1,99753,250000,290430,325472,106.0
2018,Wales,All types,0,1,47583,157500,183302,205047,106.0
2018,West Midlands,All types,0,1,84960,190000,227504,247358,106.0
2018,Yorkshire and The Humber,All types,0,1,83780,160000,192021,208302,106.0
2018,All regions,Detached,1,0,224824,334000,405209,434830,106.0
2018,All regions,Flat / Maisonette,1,0,158415,213995,298823,278597,106.0
2018,All regions,Semi-detached,1,0,251219,210000,254334,273396,106.0
2018,All regions,Terraced,1,0,241067,182000,241237,236943,106.0
2018,All regions,All types,1,1,875525,235000,297520,305943,106.0
2019,East Midlands,Detached,0,0,28184,280000,312304,358442,107.8
2019,East Midlands,Flat / Maisonette,0,0,4454,115000,130294,147217,107.8
2019,East Midlands,Semi-detached,0,0,25357,177500,188205,227226,107.8
2019,East Midlands,Terraced,0,0,17588,147500,156947,188822,107.8
2019,East of England,Detached,0,0,29922,390000,458464,499258,107.8
2019,East of England,Flat / Maisonette,0,0,14400,197500,218105,252829,107.8
2019,East of England,Semi-detached,0,0,26311,290000,319701,371243,107.8
2019,East of England,Terraced,0,0,23927,255000,275475,326438,107.8
2019,London,Detached,0,0,4026,765000,1062147,979314,107.8
2019,London,Flat / Maisonette,0,0,44708,428500,558629,548544,107.8
2019,London,Semi-detached,0,0,12540,525000,653385,672078,107.8
2019,London,Terraced,0,0,22532,490000,677321,627273,107.8
2019,North East,Detached,0,0,9559,245000,270042,313636,107.8
2019,North East,Flat / Maisonette,0,0,3373,93500,110226,119694,107.8
2019,North East,Semi-detached,0,0,13166,138000,150972,176660,107.8
2019,North East,Terraced,0,0,11616,100000,120010,128015,107.8
2019,North West,Detached,0,0,24473,280000,328639,358442,107.8
2019,North West,Flat / Maisonette,0,0,13267,127950,148405,163795,107.8
2019,North West,Semi-detached,0,0,38462,171000,192749,218905,107.8
2019,North West,Terraced,0,0,33555,118500,135060,151698,107.8
2019,South East,Detached,0,0,38959,495000,589183,633673,107.8
2019,South East,Flat / Maisonette,0,0,28664,210000,232797,268831,107.8
2019,South East,Semi-detached,0,0,36180,335000,364636,428850,107.8
2019,South East,Terraced,0,0,33894,278000,304577,355881,107.8
2019,South West,Detached,0,0,28814,365000,418916,467254,107.8
2019,South West,Flat / Maisonette,0,0,16035,166000,201862,212505,107.8
2019,South West,Semi-detached,0,0,23366,247972,270562,317442,107.8
2019,South West,Terraced,0,0,26114,212500,236509,272032,107.8
2019,Wales,Detached,0,0,13988,249950,272735,319973,107.8
2019,Wales,Flat / Maisonette,0,0,3480,125748,142168,160975,107.8
2019,Wales,Semi-detached,0,0,13610,155500,170637,199063,107.8
2019,Wales,Terraced,0,0,14810,121500,135891,155538,107.8
2019,West Midlands,Detached,0,0,22593,315000,355513,403247,107.8
2019,West Midlands,Flat / Maisonette,0,0,9100,130000,151686,166419,107.8
2019,West Midlands,Semi-detached,0,0,28044,187500,204531,240028,107.8
2019,West Midlands,Terraced,0,0,21528,155000,170362,198423,107.8
2019,Yorkshire and The Humber,Detached,0,0,20540,275000,311707,352041,107.8
2019,Yorkshire and The Humber,Flat / Maisonette,0,0,7155,122500,142991,156818,107.8
2019,Yorkshire and The Humber,Semi-detached,0,0,30067,160000,176999,204824,107.8
2019,Yorkshire and The Humber,Terraced,0,0,24424,125000,142934,160019,107.8
2019,East Midlands,All types,0,1,75583,195000,223794,249629,107.8
2019,East of England,All types,0,1,94560,289995,336948,371237,107.8
2019,London,All types,0,1,83806,475000,628908,608071,107.8
2019,North East,All types,0,1,37714,142500,167971,182421,107.8
2019,North West,All types,0,1,109757,167500,200052,214425,107.8
2019,South East,All types,0,1,137697,325000,385940,416048,107.8
2019,South West,All types,0,1,94329,253800,294773,324902,107.8
2019,Wales,All types,0,1,45888,163000,188387,208664,107.8
2019,West Midlands,All types,0,1,81265,195000,231538,249629,107.8
2019,Yorkshire and The Humber,All types,0,1,82186,165000,197581,211224,107.8
2019,All regions,Detached,1,0,221122,339950,410284,435186,107.8
2019,All regions,Flat / Maisonette,1,0,144700,213000,303098,272672,107.8
2019,All regions,Semi-detached,1,0,247125,214000,257676,273952,107.8
2019,All regions,Terraced,1,0,230008,185000,244412,236827,107.8
2019,All regions,All types,1,1,842955,239995,301886,307229,107.8
2020,East Midlands,Detached,0,0,26608,295000,329417,373829,108.9
2020,East Midlands,Flat / Maisonette,0,0,3480,120000,134774,152066,108.9
2020,East Midlands,Semi-detached,0,0,22029,185000,198573,234435,108.9
2020,East Midlands,Terraced,0,0,14376,155000,166269,196419,108.9
2020,East of England,Detached,0,0,29716,412500,479573,522727,108.9
2020,East of England,Flat / Maisonette,0,0,11299,200000,221634,253444,108.9
2020,East of England,Semi-detached,0,0,24554,300000,336063,380165,108.9
2020,East of England,Terraced,0,0,20721,265000,289624,335813,108.9
2020,London,Detached,0,0,4068,800000,1137153,1013774,108.9
2020,London,Flat / Maisonette,0,0,40948,446250,576738,565496,108.9
2020,London,Semi-detached,0,0,11875,550000,693060,696970,108.9
2020,London,Terraced,0,0,21044,525000,730899,665289,108.9
2020,North East,Detached,0,0,9309,250000,283522,316804,108.9
2020,North East,Flat / Maisonette,0,0,2946,90000,110032,114050,108.9
2020,North East,Semi-detached,0,0,11487,144000,157326,182479,108.9
2020,North East,Terraced,0,0,10563,105000,125352,133058,108.9
2020,North West,Detached,0,0,23500,295000,346803,373829,108.9
2020,North West,Flat / Maisonette,0,0,10873,140000,168822,177410,108.9
2020,North West,Semi-detached,0,0,34174,180000,204237,228099,108.9
2020,North West,Terraced,0,0,28754,125000,144342,158402,108.9
2020,South East,Detached,0,0,39454,520000,627416,658953,108.9
2020,South East,Flat / Maisonette,0,0,23217,211500,236438,268017,108.9
2020,South East,Semi-detached,0,0,34181,350000,383287,443526,108.9
2020,South East,Terraced,0,0,30309,287500,318242,364325,108.9
2020,South West,Detached,0,0,28584,383000,448077,485344,108.9
2020,South West,Flat / Maisonette,0,0,12938,175000,212276,221763,108.9
2020,South West,Semi-detached,0,0,20809,260000,285875,329477,108.9
2020,South West,Terraced,0,0,22624,222995,251609,282583,108.9
2020,Wales,Detached,0,0,11921,260000,291001,329477,108.9
2020,Wales,Flat / Maisonette,0,0,2437,126950,142822,160873,108.9
2020,Wales,Semi-detached,0,0,11025,165000,180544,209091,108.9
2020,Wales,Terraced,0,0,11662,126000,142057,159669,108.9
2020,West Midlands,Detached,0,0,21013,329995,376134,418175,108.9
2020,West Midlands,Flat / Maisonette,0,0,7248,132994,154425,168532,108.9
2020,West Midlands,Semi-detached,0,0,23898,200000,217660,253444,108.9
2020,West Midlands,Terraced,0,0,17284,164000,179893,207824,108.9
2020,Yorkshire and The Humber,Detached,0,0,19096,290000,330802,367493,108.9
2020,Yorkshire and The Humber,Flat / Maisonette,0,0,5886,125000,144834,158402,108.9
2020,Yorkshire and The Humber,Semi-detached,0,0,25805,168500,188165,213526,108.9
2020,Yorkshire and The Humber,Terraced,0,0,21049,130000,150869,164738,108.9
2020,East Midlands,All types,0,1,66493,210000,240609,266116,108.9
2020,East of England,All types,0,1,86290,309000,359349,391570,108.9
2020,London,All types,0,1,77935,497750,665341,630758,108.9
2020,North East,All types,0,1,34305,150000,177664,190083,108.9
2020,North West,All types,0,1,97301,180000,217012,228099,108.9
2020,South East,All types,0,1,127161,347000,416717,439725,108.9
2020,South West,All types,0,1,84955,272500,320116,345317,108.9
2020,Wales,All types,0,1,37045,173000,201491,219229,108.9
2020,West Midlands,All types,0,1,69443,213000,249613,269917,108.9
2020,Yorkshire and The Humber,All types,0,1,71836,175000,211603,221763,108.9
2020,All regions,Detached,1,0,213333,360000,439287,456198,108.9
2020,All regions,Flat / Maisonette,1,0,121325,230000,324159,291460,108.9
2020,All regions,Semi-detached,1,0,219852,228000,276296,288926,108.9
2020,All regions,Terraced,1,0,198408,197000,264765,249642,108.9
2020,All regions,All types,1,1,752918,257500,327152,326309,108.9
2021,East Midlands,Detached,0,0,38183,315000,353260,389516,111.6
2021,East Midlands,Flat / Maisonette,0,0,4892,126998,144138,157040,111.6
2021,East Midlands,Semi-detached,0,0,30451,202000,214828,249785,111.6
2021,East Midlands,Terraced,0,0,20028,170000,182634,210215,111.6
2021,East of England,Detached,0,0,43460,435000,515324,537903,111.6
2021,East of England,Flat / Maisonette,0,0,17274,207500,229298,256586,111.6
2021,East of England,Semi-detached,0,0,36244,320000,356307,395699,111.6
2021,East of England,Terraced,0,0,31634,284000,308745,351183,111.6
2021,London,Detached,0,0,5977,850000,1210461,1051075,111.6
2021,London,Flat / Maisonette,0,0,59243,440000,550678,544086,111.6
2021,London,Semi-detached,0,0,17789,580000,737724,717204,111.6
2021,London,Terraced,0,0,32741,550000,753127,680108,111.6
2021,North East,Detached,0,0,12296,267950,306636,331336,111.6
2021,North East,Flat / Maisonette,0,0,4331,99000,120143,122419,111.6
2021,North East,Semi-detached,0,0,16009,151000,167596,186720,111.6
2021,North East,Terraced,0,0,15004,112500,133912,139113,111.6
2021,North West,Detached,0,0,31926,323000,381495,399409,111.6
2021,North West,Flat / Maisonette,0,0,15339,150000,178155,185484,111.6
2021,North West,Semi-detached,0,0,46707,195000,222870,241129,111.6
2021,North West,Terraced,0,0,40385,140000,160787,173118,111.6
2021,South East,Detached,0,0,57350,557500,674399,689382,111.6
2021,South East,Flat / Maisonette,0,0,37141,224000,249926,276989,111.6
2021,South East,Semi-detached,0,0,50057,370000,406710,457527,111.6
2021,South East,Terraced,0,0,47596,306000,338464,378387,111.6
2021,South West,Detached,0,0,39988,415000,488494,513172,111.6
2021,South West,Flat / Maisonette,0,0,20695,185000,224865,228763,111.6
2021,South West,Semi-detached,0,0,29168,275000,305092,340054,111.6
2021,South West,Terraced,0,0,33450,240000,274513,296774,111.6
2021,Wales,Detached,0,0,17607,291995,326432,361069,111.6
2021,Wales,Flat / Maisonette,0,0,3726,133000,151967,164462,111.6
2021,Wales,Semi-detached,0,0,15738,179950,197789,222519,111.6
2021,Wales,Terraced,0,0,17240,139000,157635,171882,111.6
2021,West Midlands,Detached,0,0,29667,353000,406843,436505,111.6
2021,West Midlands,Flat / Maisonette,0,0,9714,135000,159612,166935,111.6
2021,West Midlands,Semi-detached,0,0,33628,218000,234558,269570,111.6
2021,West Midlands,Terraced,0,0,24736,179000,197272,221344,111.6
2021,Yorkshire and The Humber,Detached,0,0,26229,315000,361814,389516,111.6
2021,Yorkshire and The Humber,Flat / Maisonette,0,0,8297,127495,151747,157655,111.6
2021,Yorkshire and The Humber,Semi-detached,0,0,35199,181000,202871,223817,111.6
2021,Yorkshire and The Humber,Terraced,0,0,29194,141500,165034,174973,111.6
2021,East Midlands,All types,0,1,93554,228995,260739,283166,111.6
2021,East of England,All types,0,1,128612,325000,381284,401882,111.6
2021,London,All types,0,1,115750,510000,670758,630645,111.6
2021,North East,All types,0,1,47640,156250,188560,193212,111.6
2021,North West,All types,0,1,134357,195000,236797,241129,111.6
2021,South East,All types,0,1,192144,365000,439397,451344,111.6
2021,South West,All types,0,1,123301,289995,342810,358596,111.6
2021,Wales,All types,0,1,54311,189995,223604,234940,111.6
2021,West Midlands,All types,0,1,97745,230000,269965,284409,111.6
2021,Yorkshire and The Humber,All types,0,1,98919,190000,229561,234946,111.6
2021,All regions,Detached,1,0,302782,389950,477722,482196,111.6
2021,All regions,Flat / Maisonette,1,0,180728,237500,320257,293683,111.6
2021,All regions,Semi-detached,1,0,311015,248000,299282,306667,111.6
2021,All regions,Terraced,1,0,292030,220000,288664,272043,111.6
2021,All regions,All types,1,1,1086555,276000,349642,341290,111.6
2022,East Midlands,Detached,0,0,29735,343500,382696,393386,120.5
2022,East Midlands,Flat / Maisonette,0,0,5614,135000,149726,154606,120.5
2022,East Midlands,Semi-detached,0,0,26915,225000,235163,257676,120.5
2022,East Midlands,Terraced,0,0,18154,185000,196507,211867,120.5
2022,East of England,Detached,0,0,33091,475000,562895,543983,120.5
2022,East of England,Flat / Maisonette,0,0,18176,224995,242248,257671,120.5
2022,East of England,Semi-detached,0,0,28686,349995,383392,400824,120.5
2022,East of England,Terraced,0,0,25218,305000,329485,349295,120.5
2022,London,Detached,0,0,4601,945000,1382019,1082241,120.5
2022,London,Flat / Maisonette,0,0,55462,450000,587666,515353,120.5
2022,London,Semi-detached,0,0,13773,632000,809563,723784,120.5
2022,London,Terraced,0,0,25645,600000,850677,687137,120.5
2022,North East,Detached,0,0,10223,288995,328554,330965,120.5
2022,North East,Flat / Maisonette,0,0,4409,100000,122226,114523,120.5
2022,North East,Semi-detached,0,0,14230,161500,177831,184954,120.5
2022,North East,Terraced,0,0,13699,117500,139697,134564,120.5
2022,North West,Detached,0,0,24667,349995,411841,400824,120.5
2022,North West,Flat / Maisonette,0,0,14747,148000,177980,169494,120.5
2022,North West,Semi-detached,0,0,39423,217000,241117,248515,120.5
2022,North West,Terraced,0,0,35418,149500,170086,171212,120.5
2022,South East,Detached,0,0,42490,605000,741385,692863,120.5
2022,South East,Flat / Maisonette,0,0,35890,230000,258057,263402,120.5
2022,South East,Semi-detached,0,0,38912,405000,445064,463817,120.5
2022,South East,Terraced,0,0,36679,335000,368200,383651,120.5
2022,South West,Detached,0,0,29174,455000,543593,521079,120.5
2022,South West,Flat / Maisonette,0,0,19540,190000,228264,217593,120.5
2022,South West,Semi-detached,0,0,23679,310000,339404,355021,120.5
2022,South West,Terraced,0,0,26653,265000,299073,303485,120.5
2022,Wales,Detached,0,0,13663,325000,360542,372199,120.5
2022,Wales,Flat / Maisonette,0,0,3989,142500,155748,163195,120.5
2022,Wales,Semi-detached,0,0,13639,200000,219592,229046,120.5
2022,Wales,Terraced,0,0,15827,151000,173052,172929,120.5
2022,West Midlands,Detached,0,0,22174,380000,440208,435187,120.5
2022,West Midlands,Flat / Maisonette,0,0,10618,140000,164491,160332,120.5
2022,West Midlands,Semi-detached,0,0,28168,238950,254814,273652,120.5
2022,West Midlands,Terraced,0,0,21505,193000,210353,221029,120.5
2022,Yorkshire and The Humber,Detached,0,0,20478,333416,385860,381838,120.5
2022,Yorkshire and The Humber,Flat / Maisonette,0,0,8099,135000,161262,154606,120.5
2022,Yorkshire and The Humber,Semi-detached,0,0,30341,195000,217192,223320,120.5
2022,Yorkshire and The Humber,Terraced,0,0,25945,150000,171867,171784,120.5
2022,East Midlands,All types,0,1,80418,245000,275023,280581,120.5
2022,East of England,All types,0,1,105171,345000,402552,395104,120.5
2022,London,All types,0,1,99481,525000,722927,601245,120.5
2022,North East,All types,0,1,42561,161995,196000,185521,120.5
2022,North West,All types,0,1,114255,208995,247807,239347,120.5
2022,South East,All types,0,1,153971,385000,464936,440913,120.5
2022,South West,All types,0,1,99046,310000,366769,355021,120.5
2022,Wales,All types,0,1,47118,200000,239426,229046,120.5
2022,West Midlands,All types,0,1,82465,240000,281440,274855,120.5
2022,Yorkshire and The Humber,All types,0,1,84863,200000,238698,229046,120.5
2022,All regions,Detached,1,0,230340,420000,520379,480996,120.5
2022,All regions,Flat / Maisonette,1,0,176576,241000,330755,276000,120.5
2022,All regions,Semi-detached,1,0,257771,265000,320565,303485,120.5
2022,All regions,Terraced,1,0,244751,230000,305740,263402,120.5
2022,All regions,All types,1,1,909438,290000,369162,332116,120.5
2023,East Midlands,Detached,0,0,23042,345000,385236,370218,128.6
2023,East Midlands,Flat / Maisonette,0,0,4229,135000,152180,144868,128.6
2023,East Midlands,Semi-detached,0,0,21079,225000,235004,241446,128.6
2023,East Midlands,Terraced,0,0,13747,185000,196244,198523,128.6
2023,East of England,Detached,0,0,24507,470000,557396,504355,128.6
2023,East of England,Flat / Maisonette,0,0,12797,220000,240715,236081,128.6
2023,East of England,Semi-detached,0,0,22140,345000,381015,370218,128.6
2023,East of England,Terraced,0,0,18633,300000,326196,321928,128.6
2023,London,Detached,0,0,3610,935000,1346422,1003344,128.6
2023,London,Flat / Maisonette,0,0,42379,450000,621455,482893,128.6
2023,London,Semi-detached,0,0,10701,625000,830059,670684,128.6
2023,London,Terraced,0,0,19609,585000,827392,627760,128.6
2023,North East,Detached,0,0,8341,293995,330109,315485,128.6
2023,North East,Flat / Maisonette,0,0,3646,104958,121352,112629,128.6
2023,North East,Semi-detached,0,0,12111,165000,182376,177061,128.6
2023,North East,Terraced,0,0,11186,120000,143070,128771,128.6
2023,North West,Detached,0,0,19663,359995,419677,386309,128.6
2023,North West,Flat / Maisonette,0,0,11973,145000,171942,155599,128.6
2023,North West,Semi-detached,0,0,31334,220000,242635,236081,128.6
2023,North West,Terraced,0,0,28311,150000,171103,160964,128.6
2023,South East,Detached,0,0,31642,600000,734397,643857,128.6
2023,South East,Flat / Maisonette,0,0,26533,230000,256350,246812,128.6
2023,South East,Semi-detached,0,0,29985,400000,438879,429238,128.6
2023,South East,Terraced,0,0,27695,327000,361463,350902,128.6
2023,South West,Detached,0,0,23418,460000,542365,493624,128.6
2023,South West,Flat / Maisonette,0,0,14311,190000,230047,203888,128.6
2023,South West,Semi-detached,0,0,19504,306000,338080,328367,128.6
2023,South West,Terraced,0,0,21470,265000,295185,284370,128.6
2023,Wales,Detached,0,0,10199,325000,359727,348756,128.6
2023,Wales,Flat / Maisonette,0,0,3075,140000,155247,150233,128.6
2023,Wales,Semi-detached,0,0,11055,200000,221153,214619,128.6
2023,Wales,Terraced,0,0,12289,152500,171315,163647,128.6
2023,West Midlands,Detached,0,0,17387,390000,445583,418507,128.6
2023,West Midlands,Flat / Maisonette,0,0,7733,140000,163407,150233,128.6
2023,West Midlands,Semi-detached,0,0,22901,240000,256000,257543,128.6
2023,West Midlands,Terraced,0,0,16988,193000,209356,207107,128.6
2023,Yorkshire and The Humber,Detached,0,0,16195,344950,395158,370164,128.6
2023,Yorkshire and The Humber,Flat / Maisonette,0,0,6294,137000,164238,147014,128.6
2023,Yorkshire and The Humber,Semi-detached,0,0,24991,200000,221809,214619,128.6
2023,Yorkshire and The Humber,Terraced,0,0,20885,150000,172960,160964,128.6
2023,East Midlands,All types,0,1,62097,245000,276529,262908,128.6
2023,East of England,All types,0,1,78077,345000,400300,370218,128.6
2023,London,All types,0,1,76299,525000,737939,563375,128.6
2023,North East,All types,0,1,35284,165000,198533,177061,128.6
2023,North West,All types,0,1,91281,210000,249313,225350,128.6
2023,South East,All types,0,1,115855,380000,459281,407776,128.6
2023,South West,All types,0,1,78703,310000,367519,332659,128.6
2023,Wales,All types,0,1,36618,200000,237489,214619,128.6
2023,West Midlands,All types,0,1,65009,243000,283502,260762,128.6
2023,Yorkshire and The Humber,All types,0,1,68365,200000,242650,214619,128.6
2023,All regions,Detached,1,0,178044,420000,517733,450700,128.6
2023,All regions,Flat / Maisonette,1,0,132997,240000,341652,257543,128.6
2023,All regions,Semi-detached,1,0,205816,265000,319181,284370,128.6
2023,All regions,Terraced,1,0,190824,227000,299064,243593,128.6
2023,All regions,All types,1,1,707681,286500,367933,307442,128.6
2024,East Midlands,Detached,0,0,26041,345000,382352,358239,132.9
2024,East Midlands,Flat / Maisonette,0,0,3753,136500,151737,141738,132.9
2024,East Midlands,Semi-detached,0,0,23120,227023,237363,235735,132.9
2024,East Midlands,Terraced,0,0,14107,185000,198478,192099,132.9
2024,East of England,Detached,0,0,28004,462500,548061,480248,132.9
2024,East of England,Flat / Maisonette,0,0,12370,215000,238127,223251,132.9
2024,East of England,Semi-detached,0,0,24705,340000,377058,353047,132.9
2024,East of England,Terraced,0,0,20679,300000,327022,311512,132.9
2024,London,Detached,0,0,3942,900000,1274943,934537,132.9
2024,London,Flat / Maisonette,0,0,44613,450000,598237,467269,132.9
2024,London,Semi-detached,0,0,12452,615000,795213,638600,132.9
2024,London,Terraced,0,0,22583,592500,817940,615237,132.9
2024,North East,Detached,0,0,8997,292995,330312,304239,132.9
2024,North East,Flat / Maisonette,0,0,3431,105000,122891,109029,132.9
2024,North East,Semi-detached,0,0,12499,167000,184628,173409,132.9
2024,North East,Terraced,0,0,11701,125000,146557,129797,132.9
2024,North West,Detached,0,0,21568,360000,419484,373815,132.9
2024,North West,Flat / Maisonette,0,0,11485,150000,180673,155756,132.9
2024,North West,Semi-detached,0,0,34640,225688,249691,234348,132.9
2024,North West,Terraced,0,0,29300,157000,178084,163025,132.9
2024,South East,Detached,0,0,35491,590000,708738,612641,132.9
2024,South East,Flat / Maisonette,0,0,25771,230000,256929,238826,132.9
2024,South East,Semi-detached,0,0,33788,395000,433859,410158,132.9
2024,South East,Terraced,0,0,30582,325000,359494,337472,132.9
2024,South West,Detached,0,0,25506,449997,525282,467266,132.9
2024,South West,Flat / Maisonette,0,0,14185,191000,228884,198330,132.9
2024,South West,Semi-detached,0,0,21238,300000,332929,311512,132.9
2024,South West,Terraced,0,0,22933,260000,294030,269977,132.9
2024,Wales,Detached,0,0,11342,325000,354225,337472,132.9
2024,Wales,Flat / Maisonette,0,0,2861,144500,158270,150045,132.9
2024,Wales,Semi-detached,0,0,11885,209995,225145,218053,132.9
2024,Wales,Terraced,0,0,12571,158500,177057,164582,132.9
2024,West Midlands,Detached,0,0,19559,385000,441223,399774,132.9
2024,West Midlands,Flat / Maisonette,0,0,7683,140000,162499,145372,132.9
2024,West Midlands,Semi-detached,0,0,24907,245000,260348,254402,132.9
2024,West Midlands,Terraced,0,0,18066,200000,214590,207675,132.9
2024,Yorkshire and The Humber,Detached,0,0,18123,340000,390419,353047,132.9
2024,Yorkshire and The Humber,Flat / Maisonette,0,0,6431,140000,166875,145372,132.9
2024,Yorkshire and The Humber,Semi-detached,0,0,27118,205000,227301,212867,132.9
2024,Yorkshire and The Humber,Terraced,0,0,21316,155000,178881,160948,132.9
2024,East Midlands,All types,0,1,67021,248853,280719,258403,132.9
2024,East of England,All types,0,1,85758,345000,400793,358239,132.9
2024,London,All types,0,1,83590,530000,718848,550339,132.9
2024,North East,All types,0,1,36628,170000,202468,176524,132.9
2024,North West,All types,0,1,96993,220000,257644,228442,132.9
2024,South East,All types,0,1,125632,380000,457116,394582,132.9
2024,South West,All types,0,1,83862,310000,363196,321896,132.9
2024,Wales,All types,0,1,38659,210000,242429,218059,132.9
2024,West Midlands,All types,0,1,70215,249999,288252,259593,132.9
2024,Yorkshire and The Humber,All types,0,1,72988,210000,248338,218059,132.9
2024,All regions,Detached,1,0,198636,415000,506736,430926,132.9
2024,All regions,Flat / Maisonette,1,0,132648,245000,342001,254402,132.9
2024,All regions,Semi-detached,1,0,226380,269500,321254,279842,132.9
2024,All regions,Terraced,1,0,203853,235000,307205,244018,132.9
2024,All regions,All types,1,1,761517,290000,369489,301129,132.9
2025,East Midlands,Detached,0,0,24896,345000,385844,345000,138.0
2025,East Midlands,Flat / Maisonette,0,0,3543,130000,143539,130000,138.0
2025,East Midlands,Semi-detached,0,0,22844,230000,243136,230000,138.0
2025,East Midlands,Terraced,0,0,14453,190000,201461,190000,138.0
2025,East of England,Detached,0,0,26994,470000,556039,470000,138.0
2025,East of England,Flat / Maisonette,0,0,11539,212000,231535,212000,138.0
2025,East of England,Semi-detached,0,0,24747,350000,385517,350000,138.0
2025,East of England,Terraced,0,0,21693,310000,331090,310000,138.0
2025,London,Detached,0,0,3783,900000,1292412,900000,138.0
2025,London,Flat / Maisonette,0,0,40214,440000,546257,440000,138.0
2025,London,Semi-detached,0,0,12364,625000,788462,625000,138.0
2025,London,Terraced,0,0,22518,590000,795382,590000,138.0
2025,North East,Detached,0,0,7983,299999,336512,299999,138.0
2025,North East,Flat / Maisonette,0,0,3113,105000,125232,105000,138.0
2025,North East,Semi-detached,0,0,12248,173500,193052,173500,138.0
2025,North East,Terraced,0,0,11172,128065,153260,128065,138.0
2025,North West,Detached,0,0,20478,370000,431843,370000,138.0
2025,North West,Flat / Maisonette,0,0,10501,150000,176042,150000,138.0
2025,North West,Semi-detached,0,0,34247,235000,259377,235000,138.0
2025,North West,Terraced,0,0,29417,165000,187215,165000,138.0
2025,South East,Detached,0,0,34441,600000,714806,600000,138.0
2025,South East,Flat / Maisonette,0,0,23627,225000,249307,225000,138.0
2025,South East,Semi-detached,0,0,33756,400000,440039,400000,138.0
2025,South East,Terraced,0,0,31658,330000,362107,330000,138.0
2025,South West,Detached,0,0,24888,450000,520424,450000,138.0
2025,South West,Flat / Maisonette,0,0,12862,186000,219052,186000,138.0
2025,South West,Semi-detached,0,0,20644,305000,334637,305000,138.0
2025,South West,Terraced,0,0,23505,265000,295112,265000,138.0
2025,Wales,Detached,0,0,11221,328000,362496,328000,138.0
2025,Wales,Flat / Maisonette,0,0,2662,145000,161064,145000,138.0
2025,Wales,Semi-detached,0,0,11421,212500,231724,212500,138.0
2025,Wales,Terraced,0,0,12615,165000,182456,165000,138.0
2025,West Midlands,Detached,0,0,18474,392500,447490,392500,138.0
2025,West Midlands,Flat / Maisonette,0,0,6596,140000,161009,140000,138.0
2025,West Midlands,Semi-detached,0,0,24636,250000,267230,250000,138.0
2025,West Midlands,Terraced,0,0,17717,205000,232722,205000,138.0
2025,Yorkshire and The Humber,Detached,0,0,17125,350000,395755,350000,138.0
2025,Yorkshire and The Humber,Flat / Maisonette,0,0,5547,137000,161207,137000,138.0
2025,Yorkshire and The Humber,Semi-detached,0,0,25925,212500,233813,212500,138.0
2025,Yorkshire and The Humber,Terraced,0,0,21236,165000,184476,165000,138.0
2025,East Midlands,All types,0,1,65736,250000,282652,250000,138.0
2025,East of England,All types,0,1,84973,350000,404883,350000,138.0
2025,London,All types,0,1,78879,528000,691126,528000,138.0
2025,North East,All types,0,1,34516,172500,207236,172500,138.0
2025,North West,All types,0,1,94643,225000,265017,225000,138.0
2025,South East,All types,0,1,123482,385000,460201,385000,138.0
2025,South West,All types,0,1,81899,310000,361599,310000,138.0
2025,Wales,All types,0,1,37919,215000,249071,215000,138.0
2025,West Midlands,All types,0,1,67423,253000,297162,253000,138.0
2025,Yorkshire and The Humber,All types,0,1,69833,215000,252755,215000,138.0
2025,All regions,Detached,1,0,190353,420000,513541,420000,138.0
2025,All regions,Flat / Maisonette,1,0,120274,240000,320110,240000,138.0
2025,All regions,Semi-detached,1,0,222854,275000,328249,275000,138.0
2025,All regions,Terraced,1,0,206016,240000,310529,240000,138.0
2025,All regions,All types,1,1,739497,295000,369685,295000,138.0
